DUNGEON #,DUNGEON NAME,Difficulty,CHARACTER,Date,Duration,DEATHS,Kills,Result,Run Type,Instance ID,Dungeon Report Link,PRE_FLAWLESS
,Spire of the Watcher,Normal,Warlock,"May 31, 2026",1:41:27,5,1157,Solo,Unknown,16856671552,https://dungeon.report/pgcr/16856671552,Pre-Flawless
,Spire of the Watcher,Normal,Warlock,"May 29, 2026",48:06:00,2,456,DNF,—,16855100831,https://dungeon.report/pgcr/16855100831,Pre-Flawless
,Spire of the Watcher,Normal,Titan,"May 28, 2026",1:46:33,2,938,Solo,Unknown,16854026806,https://dungeon.report/pgcr/16854026806,Pre-Flawless
,Spire of the Watcher,Normal,Titan,"May 25, 2026",37:59:00,2,359,Solo,Unknown,16851148464,https://dungeon.report/pgcr/16851148464,Pre-Flawless
,Spire of the Watcher,Normal,Titan,"May 25, 2026",1:55:00,8,881,DNF,—,16850917980,https://dungeon.report/pgcr/16850917980,Pre-Flawless
,Spire of the Watcher,Normal,Titan,"May 24, 2026",1:19:31,14,568,Solo,Unknown,16849946384,https://dungeon.report/pgcr/16849946384,Pre-Flawless
,Spire of the Watcher,Normal,Titan,"May 24, 2026",1:27:29,4,912,DNF,—,16849744092,https://dungeon.report/pgcr/16849744092,Pre-Flawless
,Spire of the Watcher,Normal,Titan,"May 22, 2026",45:29:00,2,379,DNF,—,16848057680,https://dungeon.report/pgcr/16848057680,Pre-Flawless
,Spire of the Watcher,Normal,Titan,"May 22, 2026",1:10:29,7,371,DNF,—,16848029617,https://dungeon.report/pgcr/16848029617,Pre-Flawless
,Spire of the Watcher,Normal,Titan,"May 18, 2026",22:52,1,148,DNF,—,16845465400,https://dungeon.report/pgcr/16845465400,Pre-Flawless
,Warlord's Ruin,Normal,Hunter,"May 17, 2026",1:21:12,0,961,Solo Flawless,Unknown,16844816565,https://dungeon.report/pgcr/16844816565,Pre-Flawless
,Warlord's Ruin,Normal,Hunter,"May 17, 2026",1:01:47,1,764,DNF,—,16844585610,https://dungeon.report/pgcr/16844585610,Pre-Flawless
,Warlord's Ruin,Normal,Hunter,"May 17, 2026",6:31,1,58,DNF,—,16844542654,https://dungeon.report/pgcr/16844542654,Pre-Flawless
,Warlord's Ruin,Normal,Hunter,"May 17, 2026",51:06:00,1,712,DNF,—,16844538622,https://dungeon.report/pgcr/16844538622,Pre-Flawless
,Warlord's Ruin,Normal,Hunter,"May 17, 2026",3:56,1,34,DNF,—,16844499992,https://dungeon.report/pgcr/16844499992,Pre-Flawless
,Warlord's Ruin,Normal,Hunter,"May 17, 2026",5:37,1,40,DNF,—,16844496242,https://dungeon.report/pgcr/16844496242,Pre-Flawless
,Warlord's Ruin,Normal,Hunter,"May 17, 2026",1:15:40,1,1112,DNF,—,16844474089,https://dungeon.report/pgcr/16844474089,Pre-Flawless
,Warlord's Ruin,Normal,Hunter,"May 17, 2026",4:28,1,18,DNF,—,16844415460,https://dungeon.report/pgcr/16844415460,Pre-Flawless
,Warlord's Ruin,Normal,Hunter,"May 17, 2026",10:07,1,111,DNF,—,16844411361,https://dungeon.report/pgcr/16844411361,Pre-Flawless
,Warlord's Ruin,Normal,Hunter,"May 17, 2026",12:27,1,196,DNF,—,16844403862,https://dungeon.report/pgcr/16844403862,Pre-Flawless
,Warlord's Ruin,Normal,Hunter,"May 13, 2026",12:43,2,194,DNF,—,16841287754,https://dungeon.report/pgcr/16841287754,Pre-Flawless
,Warlord's Ruin,Normal,Hunter,"May 13, 2026",21:54,1,273,DNF,—,16841283064,https://dungeon.report/pgcr/16841283064,Pre-Flawless
,Warlord's Ruin,Normal,Hunter,"May 13, 2026",17:11,3,240,DNF,—,16841276443,https://dungeon.report/pgcr/16841276443,Pre-Flawless
,Warlord's Ruin,Normal,Hunter,"May 12, 2026",13:08,1,194,DNF,—,16841271071,https://dungeon.report/pgcr/16841271071,Pre-Flawless
,Warlord's Ruin,Normal,Hunter,"May 12, 2026",46:10:00,11,693,DNF,—,16841254732,https://dungeon.report/pgcr/16841254732,Pre-Flawless
,Warlord's Ruin,Normal,Hunter,"May 12, 2026",1:12,0,0,DNF,—,16841237669,https://dungeon.report/pgcr/16841237669,Pre-Flawless
,Warlord's Ruin,Normal,Hunter,"May 12, 2026",12:02,3,114,DNF,—,16841234482,https://dungeon.report/pgcr/16841234482,Pre-Flawless
,Warlord's Ruin,Normal,Hunter,"May 12, 2026",7:22,1,79,DNF,—,16841229703,https://dungeon.report/pgcr/16841229703,Pre-Flawless
,Warlord's Ruin,Normal,Hunter,"May 10, 2026",32:07:00,1,449,DNF,—,16839882148,https://dungeon.report/pgcr/16839882148,Pre-Flawless
,Warlord's Ruin,Normal,Hunter,"May 10, 2026",6:28,1,76,DNF,—,16839869412,https://dungeon.report/pgcr/16839869412,Pre-Flawless
,Warlord's Ruin,Normal,Hunter,"May 10, 2026",6:13,1,73,DNF,—,16839866852,https://dungeon.report/pgcr/16839866852,Pre-Flawless
,Warlord's Ruin,Normal,Hunter,"May 10, 2026",5:00,1,47,DNF,—,16839864058,https://dungeon.report/pgcr/16839864058,Pre-Flawless
,Warlord's Ruin,Normal,Hunter,"May 9, 2026",52:51:00,1,643,DNF,—,16839101456,https://dungeon.report/pgcr/16839101456,Pre-Flawless
,Warlord's Ruin,Normal,Hunter,"May 9, 2026",39:22:00,2,421,DNF,—,16839074310,https://dungeon.report/pgcr/16839074310,Pre-Flawless
,Warlord's Ruin,Normal,Hunter,"May 8, 2026",2:21:33,9,2172,DNF,—,16838260450,https://dungeon.report/pgcr/16838260450,Pre-Flawless
,Warlord's Ruin,Normal,Hunter,"May 8, 2026",1:23,0,0,DNF,—,16838189749,https://dungeon.report/pgcr/16838189749,Pre-Flawless
,Warlord's Ruin,Normal,Hunter,"May 8, 2026",2:28,0,0,DNF,—,16838189333,https://dungeon.report/pgcr/16838189333,Pre-Flawless
,Warlord's Ruin,Normal,Hunter,"May 8, 2026",6:38,1,75,DNF,—,16838188150,https://dungeon.report/pgcr/16838188150,Pre-Flawless
,Warlord's Ruin,Normal,Hunter,"May 8, 2026",2:00,0,0,DNF,—,16838184770,https://dungeon.report/pgcr/16838184770,Pre-Flawless
,Warlord's Ruin,Normal,Hunter,"May 8, 2026",12:25,1,125,DNF,—,16838183945,https://dungeon.report/pgcr/16838183945,Pre-Flawless
,Warlord's Ruin,Normal,Hunter,"May 8, 2026",1:15,0,0,DNF,—,16838176879,https://dungeon.report/pgcr/16838176879,Pre-Flawless
,Warlord's Ruin,Normal,Hunter,"May 8, 2026",3:52,0,36,DNF,—,16838176285,https://dungeon.report/pgcr/16838176285,Pre-Flawless
,Warlord's Ruin,Normal,Hunter,"May 8, 2026",8:26,1,107,DNF,—,16838174270,https://dungeon.report/pgcr/16838174270,Pre-Flawless
,Warlord's Ruin,Normal,Hunter,"May 8, 2026",4:02,1,22,DNF,—,16838169621,https://dungeon.report/pgcr/16838169621,Pre-Flawless
,Warlord's Ruin,Normal,Hunter,"May 6, 2026",24:29:00,3,326,DNF,—,16836873353,https://dungeon.report/pgcr/16836873353,Pre-Flawless
,Warlord's Ruin,Normal,Hunter,"May 6, 2026",53:18:00,5,644,Solo,Unknown,16836860899,https://dungeon.report/pgcr/16836860899,Pre-Flawless
,Warlord's Ruin,Normal,Hunter,"May 6, 2026",44:48:00,3,523,DNF,—,16836816825,https://dungeon.report/pgcr/16836816825,Pre-Flawless
,Warlord's Ruin,Normal,Hunter,"May 6, 2026",2:38:22,15,2428,DNF,—,16836672646,https://dungeon.report/pgcr/16836672646,Pre-Flawless
,Warlord's Ruin,Normal,Hunter,"May 6, 2026",16:58,2,248,DNF,—,16836569474,https://dungeon.report/pgcr/16836569474,Pre-Flawless
,Warlord's Ruin,Normal,Hunter,"May 6, 2026",6:49,1,29,DNF,—,16836558417,https://dungeon.report/pgcr/16836558417,Pre-Flawless
,Warlord's Ruin,Normal,Hunter,"May 6, 2026",3:23,0,21,DNF,—,16836554424,https://dungeon.report/pgcr/16836554424,Pre-Flawless
,Warlord's Ruin,Normal,Hunter,"May 6, 2026",23:41,4,141,DNF,—,16836544905,https://dungeon.report/pgcr/16836544905,Pre-Flawless
,Equilibrium,Normal,Titan,"Feb 24, 2026",5:50,1,53,DNF,—,16789983687,https://dungeon.report/pgcr/16789983687,Pre-Flawless
,Equilibrium,Normal,Titan,"Feb 14, 2026",1:16:13,10,701,DNF,—,16781447432,https://dungeon.report/pgcr/16781447432,Pre-Flawless
,Equilibrium,Normal,Titan,"Feb 7, 2026",5:59,0,18,DNF,—,16775689417,https://dungeon.report/pgcr/16775689417,Pre-Flawless
,Equilibrium,Normal,Titan,"Jan 29, 2026",1:25:26,9,850,DNF,—,16765059555,https://dungeon.report/pgcr/16765059555,Pre-Flawless
,Equilibrium,Normal,Titan,"Jan 27, 2026",1:20:08,6,785,DNF,—,16761973026,https://dungeon.report/pgcr/16761973026,Pre-Flawless
,Equilibrium,Normal,Titan,"Jan 24, 2026",1:11:10,7,715,DNF,—,16757707263,https://dungeon.report/pgcr/16757707263,Pre-Flawless
,Equilibrium,Normal,Titan,"Jan 23, 2026",23:53,2,101,DNF,—,16756259373,https://dungeon.report/pgcr/16756259373,Pre-Flawless
,Equilibrium,Normal,Titan,"Jan 5, 2026",1:39:33,12,718,DNF,—,16733624640,https://dungeon.report/pgcr/16733624640,Pre-Flawless
,Equilibrium,Normal,Titan,"Jan 3, 2026",2:58:58,19,1441,DNF,—,16730258147,https://dungeon.report/pgcr/16730258147,Pre-Flawless
,Equilibrium,Normal,Titan,"Jan 2, 2026",1:35:02,8,1111,DNF,—,16728365401,https://dungeon.report/pgcr/16728365401,Pre-Flawless
,Equilibrium,Normal,Titan,"Jan 2, 2026",43:50:00,4,541,DNF,—,16728252238,https://dungeon.report/pgcr/16728252238,Pre-Flawless
,Equilibrium,Normal,Titan,"Jan 2, 2026",47:04:00,6,418,DNF,—,16728091112,https://dungeon.report/pgcr/16728091112,Pre-Flawless
,Equilibrium,Normal,Titan,"Jan 1, 2026",1:04:05,7,465,DNF,—,16726366997,https://dungeon.report/pgcr/16726366997,Pre-Flawless
,Warlord's Ruin,Normal,Hunter,"Dec 18, 2025",13:15,3,171,DNF,—,16697548551,https://dungeon.report/pgcr/16697548551,Pre-Flawless
,Warlord's Ruin,Normal,Hunter,"Dec 18, 2025",6:26,1,28,DNF,—,16697440436,https://dungeon.report/pgcr/16697440436,Pre-Flawless
,Equilibrium,Normal,Titan,"Dec 15, 2025",1:35:06,15,765,DNF,—,16690378618,https://dungeon.report/pgcr/16690378618,Pre-Flawless
,Spire of the Watcher,Normal,Titan,"Dec 8, 2025",1:18:11,6,485,DNF,—,16672399336,https://dungeon.report/pgcr/16672399336,Pre-Flawless
,Spire of the Watcher,Normal,Titan,"Nov 28, 2025",1:14:57,4,558,Solo,Unknown,16643064676,https://dungeon.report/pgcr/16643064676,Pre-Flawless
,Spire of the Watcher,Normal,Titan,"Nov 28, 2025",42:57:00,4,313,DNF,—,16642995229,https://dungeon.report/pgcr/16642995229,Pre-Flawless
,Spire of the Watcher,Normal,Titan,"Nov 28, 2025",47:57:00,1,355,DNF,—,16642952640,https://dungeon.report/pgcr/16642952640,Pre-Flawless
,Spire of the Watcher,Normal,Titan,"Nov 25, 2025",1:25:09,7,613,DNF,—,16639415612,https://dungeon.report/pgcr/16639415612,Pre-Flawless
,Spire of the Watcher,Normal,Warlock,"Nov 17, 2025",46:28:00,2,455,DNF,—,16629072891,https://dungeon.report/pgcr/16629072891,Pre-Flawless
,Spire of the Watcher,Normal,Warlock,"Nov 17, 2025",1:02:12,4,498,DNF,—,16628996857,https://dungeon.report/pgcr/16628996857,Pre-Flawless
,Spire of the Watcher,Normal,Warlock,"Nov 16, 2025",1:37:00,6,427,DNF,—,16627779972,https://dungeon.report/pgcr/16627779972,Pre-Flawless
,Spire of the Watcher,Normal,Warlock,"Nov 16, 2025",15:45,0,142,DNF,—,16627717662,https://dungeon.report/pgcr/16627717662,Pre-Flawless
,Warlord's Ruin,Normal,Hunter,"Nov 15, 2025",1:01:04,1,621,DNF,—,16626081362,https://dungeon.report/pgcr/16626081362,Pre-Flawless
,Warlord's Ruin,Normal,Hunter,"Nov 14, 2025",1:08:47,1,871,DNF,—,16624389766,https://dungeon.report/pgcr/16624389766,Pre-Flawless
,Warlord's Ruin,Normal,Hunter,"Nov 14, 2025",9:51,1,111,DNF,—,16624308175,https://dungeon.report/pgcr/16624308175,Pre-Flawless
,Warlord's Ruin,Normal,Hunter,"Nov 13, 2025",31:01:00,3,352,DNF,—,16623315523,https://dungeon.report/pgcr/16623315523,Pre-Flawless
,Warlord's Ruin,Normal,Hunter,"Nov 12, 2025",26:36:00,0,142,DNF,—,16622016661,https://dungeon.report/pgcr/16622016661,Pre-Flawless
,Warlord's Ruin,Normal,Hunter,"Nov 11, 2025",1:18:21,1,1074,DNF,—,16620804906,https://dungeon.report/pgcr/16620804906,Pre-Flawless
,Warlord's Ruin,Normal,Hunter,"Nov 11, 2025",7:52,1,74,DNF,—,16620742385,https://dungeon.report/pgcr/16620742385,Pre-Flawless
,Warlord's Ruin,Normal,Hunter,"Nov 11, 2025",49:54:00,1,690,DNF,—,16620730160,https://dungeon.report/pgcr/16620730160,Pre-Flawless
,Warlord's Ruin,Normal,Hunter,"Nov 11, 2025",3:33,1,29,DNF,—,16620680882,https://dungeon.report/pgcr/16620680882,Pre-Flawless
,Warlord's Ruin,Normal,Hunter,"Nov 11, 2025",16:36,2,225,DNF,—,16620676344,https://dungeon.report/pgcr/16620676344,Pre-Flawless
,Warlord's Ruin,Normal,Hunter,"Nov 11, 2025",4:43,1,32,DNF,—,16620657225,https://dungeon.report/pgcr/16620657225,Pre-Flawless
,Warlord's Ruin,Normal,Hunter,"Nov 11, 2025",4:05,1,36,DNF,—,16620652591,https://dungeon.report/pgcr/16620652591,Pre-Flawless
,Warlord's Ruin,Normal,Hunter,"Nov 11, 2025",1:00:14,0,699,DNF,—,16619558971,https://dungeon.report/pgcr/16619558971,Pre-Flawless
,Warlord's Ruin,Normal,Hunter,"Nov 10, 2025",37:44:00,10,840,DNF,—,16619523941,https://dungeon.report/pgcr/16619523941,Pre-Flawless
,Warlord's Ruin,Normal,Hunter,"Nov 9, 2025",16:53,5,274,DNF,—,16617490728,https://dungeon.report/pgcr/16617490728,Pre-Flawless
,Warlord's Ruin,Normal,Hunter,"Nov 8, 2025",28:18:00,5,450,DNF,—,16617474633,https://dungeon.report/pgcr/16617474633,Pre-Flawless
,Warlord's Ruin,Normal,Hunter,"Nov 8, 2025",1:34:40,3,1255,DNF,—,16617440313,https://dungeon.report/pgcr/16617440313,Pre-Flawless
,Warlord's Ruin,Normal,Hunter,"Nov 7, 2025",9:13,0,119,DNF,—,16616340745,https://dungeon.report/pgcr/16616340745,Pre-Flawless
,Warlord's Ruin,Normal,Hunter,"Nov 7, 2025",31:17:00,8,300,DNF,—,16616327901,https://dungeon.report/pgcr/16616327901,Pre-Flawless
,Warlord's Ruin,Normal,Hunter,"Nov 6, 2025",11:17,3,135,DNF,—,16615341761,https://dungeon.report/pgcr/16615341761,Pre-Flawless
,Warlord's Ruin,Normal,Hunter,"Nov 6, 2025",14:34,4,122,DNF,—,16615324285,https://dungeon.report/pgcr/16615324285,Pre-Flawless
,Duality,Normal,Hunter,"Nov 5, 2025",1:17:24,0,1011,Solo Flawless,Unknown,16614532680,https://dungeon.report/pgcr/16614532680,Pre-Flawless
,Duality,Normal,Hunter,"Nov 5, 2025",33:50:00,3,369,DNF,—,16614484911,https://dungeon.report/pgcr/16614484911,Pre-Flawless
,Duality,Normal,Hunter,"Nov 4, 2025",30:14:00,1,377,DNF,—,16613681634,https://dungeon.report/pgcr/16613681634,Pre-Flawless
,Duality,Normal,Hunter,"Oct 22, 2025",26:52:00,0,348,Solo Flawless,Unknown,16600064145,https://dungeon.report/pgcr/16600064145,Pre-Flawless
,Duality,Normal,Hunter,"Oct 22, 2025",1:00:57,1,831,DNF,—,16600044013,https://dungeon.report/pgcr/16600044013,Pre-Flawless
,Duality,Normal,Hunter,"Oct 20, 2025",1:16:39,1,1137,Solo,Unknown,16597799491,https://dungeon.report/pgcr/16597799491,Pre-Flawless
,Duality,Normal,Hunter,"Oct 20, 2025",1:13:37,1,859,DNF,—,16597456430,https://dungeon.report/pgcr/16597456430,Pre-Flawless
,Duality,Normal,Hunter,"Oct 20, 2025",49:26:00,1,617,DNF,—,16597377126,https://dungeon.report/pgcr/16597377126,Pre-Flawless
,Duality,Normal,Hunter,"Oct 13, 2025",26:02:00,1,330,DNF,—,16588383587,https://dungeon.report/pgcr/16588383587,Pre-Flawless
,Duality,Normal,Hunter,"Oct 10, 2025",34:40:00,2,364,DNF,—,16583744732,https://dungeon.report/pgcr/16583744732,Pre-Flawless
,Duality,Normal,Hunter,"Oct 9, 2025",2:27,0,8,DNF,—,16582148244,https://dungeon.report/pgcr/16582148244,Pre-Flawless
,Duality,Normal,Hunter,"Oct 9, 2025",1:09,0,0,DNF,—,16582144952,https://dungeon.report/pgcr/16582144952,Pre-Flawless
,Duality,Normal,Hunter,"Oct 9, 2025",18:11,1,236,DNF,—,16582144250,https://dungeon.report/pgcr/16582144250,Pre-Flawless
,Duality,Normal,Hunter,"Oct 9, 2025",14:48,1,159,DNF,—,16582127224,https://dungeon.report/pgcr/16582127224,Pre-Flawless
,Duality,Normal,Hunter,"Oct 9, 2025",1:31:31,1,969,Solo,Unknown,16581836173,https://dungeon.report/pgcr/16581836173,Pre-Flawless
,Duality,Normal,Hunter,"Jul 13, 2025",37:28:00,1,508,DNF,—,16284681034,https://dungeon.report/pgcr/16284681034,Pre-Flawless
,Duality,Normal,Hunter,"Jul 13, 2025",11:49,1,122,DNF,—,16284603315,https://dungeon.report/pgcr/16284603315,Pre-Flawless
,Duality,Normal,Hunter,"Jul 13, 2025",6:06,1,29,DNF,—,16284577143,https://dungeon.report/pgcr/16284577143,Pre-Flawless
,Duality,Normal,Hunter,"Jul 13, 2025",9:21,1,76,DNF,—,16284563842,https://dungeon.report/pgcr/16284563842,Pre-Flawless
,Duality,Normal,Hunter,"Jul 8, 2025",1:49:08,1,1046,DNF,—,16268856244,https://dungeon.report/pgcr/16268856244,Pre-Flawless
,Duality,Normal,Hunter,"Jul 8, 2025",4:46,1,24,DNF,—,16268650987,https://dungeon.report/pgcr/16268650987,Pre-Flawless
,Duality,Normal,Hunter,"Jul 8, 2025",10:00,1,54,DNF,—,16268640622,https://dungeon.report/pgcr/16268640622,Pre-Flawless
,Duality,Normal,Hunter,"Jul 7, 2025",1:50:05,13,1533,Solo,Unknown,16266006172,https://dungeon.report/pgcr/16266006172,Pre-Flawless
,Duality,Normal,Hunter,"Jul 6, 2025",34:32:00,5,435,DNF,—,16263671462,https://dungeon.report/pgcr/16263671462,Pre-Flawless
,Duality,Normal,Hunter,"Jul 6, 2025",25:09:00,4,238,DNF,—,16263620492,https://dungeon.report/pgcr/16263620492,Pre-Flawless
,Duality,Normal,Hunter,"Jul 6, 2025",17:33,3,227,DNF,—,16263552183,https://dungeon.report/pgcr/16263552183,Pre-Flawless
,Duality,Normal,Hunter,"Jul 6, 2025",44:32:00,2,417,DNF,—,16263517971,https://dungeon.report/pgcr/16263517971,Pre-Flawless
,Duality,Normal,Hunter,"Jul 5, 2025",1:26:40,6,752,DNF,—,16260435425,https://dungeon.report/pgcr/16260435425,Pre-Flawless
,Ghosts of the Deep,Normal,Warlock,"Jun 9, 2025",1:49:21,6,2018,DNF,—,16206860975,https://dungeon.report/pgcr/16206860975,Pre-Flawless
,Warlord's Ruin,Normal,Hunter,"May 31, 2025",2:13:31,6,1477,Solo,Unknown,16185319728,https://dungeon.report/pgcr/16185319728,Pre-Flawless
,Warlord's Ruin,Normal,Hunter,"May 30, 2025",1:54:08,9,2088,DNF,—,16183193798,https://dungeon.report/pgcr/16183193798,Pre-Flawless
,Warlord's Ruin,Normal,Hunter,"May 29, 2025",30:46:00,8,593,DNF,—,16181268484,https://dungeon.report/pgcr/16181268484,Pre-Flawless
,Warlord's Ruin,Normal,Hunter,"May 29, 2025",1:00:41,14,833,DNF,—,16181200068,https://dungeon.report/pgcr/16181200068,Pre-Flawless
,Warlord's Ruin,Normal,Hunter,"May 28, 2025",2:08:27,6,1833,DNF,—,16179250669,https://dungeon.report/pgcr/16179250669,Pre-Flawless
,Warlord's Ruin,Normal,Hunter,"May 20, 2025",37:19:00,8,426,DNF,—,16161011315,https://dungeon.report/pgcr/16161011315,Pre-Flawless
,Warlord's Ruin,Normal,Hunter,"May 19, 2025",24:40:00,0,160,DNF,—,16158789408,https://dungeon.report/pgcr/16158789408,Pre-Flawless
,Warlord's Ruin,Normal,Hunter,"May 19, 2025",21:02,3,202,DNF,—,16158751852,https://dungeon.report/pgcr/16158751852,Pre-Flawless
,Warlord's Ruin,Normal,Hunter,"May 19, 2025",29:02:00,9,240,DNF,—,16158719015,https://dungeon.report/pgcr/16158719015,Pre-Flawless
,Warlord's Ruin,Normal,Hunter,"May 19, 2025",11:08,5,136,DNF,—,16158621906,https://dungeon.report/pgcr/16158621906,Pre-Flawless
,Warlord's Ruin,Normal,Warlock,"May 17, 2025",1:33:37,0,1328,Solo Flawless,Unknown,16153706225,https://dungeon.report/pgcr/16153706225,Pre-Flawless
,Warlord's Ruin,Normal,Warlock,"May 17, 2025",5:47,1,70,DNF,—,16153555760,https://dungeon.report/pgcr/16153555760,Pre-Flawless
,Warlord's Ruin,Normal,Warlock,"May 17, 2025",5:56,1,29,DNF,—,16153545883,https://dungeon.report/pgcr/16153545883,Pre-Flawless
,Warlord's Ruin,Normal,Warlock,"May 17, 2025",4:49,1,52,DNF,—,16153536375,https://dungeon.report/pgcr/16153536375,Pre-Flawless
,Warlord's Ruin,Normal,Warlock,"May 17, 2025",16:58,1,169,DNF,—,16153469609,https://dungeon.report/pgcr/16153469609,Pre-Flawless
,Warlord's Ruin,Normal,Warlock,"May 17, 2025",54:05:00,1,657,DNF,—,16153417974,https://dungeon.report/pgcr/16153417974,Pre-Flawless
,Warlord's Ruin,Normal,Warlock,"May 17, 2025",1:09,0,0,DNF,—,16153287966,https://dungeon.report/pgcr/16153287966,Pre-Flawless
,Warlord's Ruin,Normal,Warlock,"May 16, 2025",1:32:04,1,1347,DNF,—,16150631396,https://dungeon.report/pgcr/16150631396,Pre-Flawless
,Warlord's Ruin,Normal,Warlock,"May 15, 2025",1:56:11,7,1974,DNF,—,16148203009,https://dungeon.report/pgcr/16148203009,Pre-Flawless
,Warlord's Ruin,Normal,Warlock,"May 15, 2025",31:49:00,1,456,DNF,—,16148050950,https://dungeon.report/pgcr/16148050950,Pre-Flawless
,Warlord's Ruin,Normal,Warlock,"May 15, 2025",16:08,1,204,DNF,—,16147999035,https://dungeon.report/pgcr/16147999035,Pre-Flawless
,Warlord's Ruin,Normal,Warlock,"May 15, 2025",6:07,1,70,DNF,—,16147972666,https://dungeon.report/pgcr/16147972666,Pre-Flawless
,Warlord's Ruin,Normal,Warlock,"May 15, 2025",1:19:54,6,1272,Solo,Unknown,16147948999,https://dungeon.report/pgcr/16147948999,Pre-Flawless
,Warlord's Ruin,Normal,Warlock,"May 14, 2025",1:25:11,5,1458,DNF,—,16145832252,https://dungeon.report/pgcr/16145832252,Pre-Flawless
,Warlord's Ruin,Normal,Warlock,"May 14, 2025",14:29,1,167,DNF,—,16145714334,https://dungeon.report/pgcr/16145714334,Pre-Flawless
,Warlord's Ruin,Normal,Warlock,"May 14, 2025",2:35,1,0,DNF,—,16145692005,https://dungeon.report/pgcr/16145692005,Pre-Flawless
,Warlord's Ruin,Normal,Warlock,"May 14, 2025",4:37,1,27,DNF,—,16145688229,https://dungeon.report/pgcr/16145688229,Pre-Flawless
,Warlord's Ruin,Normal,Warlock,"May 12, 2025",1:37:11,6,1308,DNF,—,16140515053,https://dungeon.report/pgcr/16140515053,Pre-Flawless
,Warlord's Ruin,Normal,Titan,"May 11, 2025",1:59:10,0,1823,Solo Flawless,Unknown,16137973449,https://dungeon.report/pgcr/16137973449,Pre-Flawless
,Warlord's Ruin,Normal,Titan,"May 11, 2025",11:42,1,129,DNF,—,16137815779,https://dungeon.report/pgcr/16137815779,Pre-Flawless
,Warlord's Ruin,Normal,Titan,"May 11, 2025",4:48,1,24,DNF,—,16137798478,https://dungeon.report/pgcr/16137798478,Pre-Flawless
,Warlord's Ruin,Normal,Titan,"May 11, 2025",3:11,1,14,DNF,—,16137791888,https://dungeon.report/pgcr/16137791888,Pre-Flawless
,Warlord's Ruin,Normal,Titan,"May 11, 2025",23:13,0,87,DNF,—,16136902789,https://dungeon.report/pgcr/16136902789,Pre-Flawless
,Warlord's Ruin,Normal,Titan,"May 11, 2025",13:39,2,117,DNF,—,16136794126,https://dungeon.report/pgcr/16136794126,Pre-Flawless
,Warlord's Ruin,Normal,Titan,"May 11, 2025",22:56,1,233,DNF,—,16136757818,https://dungeon.report/pgcr/16136757818,Pre-Flawless
,Warlord's Ruin,Normal,Titan,"May 11, 2025",22:58,1,94,DNF,—,16136685280,https://dungeon.report/pgcr/16136685280,Pre-Flawless
,Warlord's Ruin,Normal,Titan,"May 11, 2025",4:34,0,0,DNF,—,16136595714,https://dungeon.report/pgcr/16136595714,Pre-Flawless
,Warlord's Ruin,Normal,Titan,"May 11, 2025",3:45,1,14,DNF,—,16136583338,https://dungeon.report/pgcr/16136583338,Pre-Flawless
,Warlord's Ruin,Normal,Titan,"May 11, 2025",1:33,1,0,DNF,—,16136573620,https://dungeon.report/pgcr/16136573620,Pre-Flawless
,Warlord's Ruin,Normal,Titan,"May 11, 2025",9:41,1,98,DNF,—,16136570360,https://dungeon.report/pgcr/16136570360,Pre-Flawless
,Warlord's Ruin,Normal,Titan,"May 9, 2025",53:46:00,1,813,DNF,—,16131351621,https://dungeon.report/pgcr/16131351621,Pre-Flawless
,Warlord's Ruin,Normal,Titan,"May 6, 2025",1:39:43,11,839,DNF,—,16123066509,https://dungeon.report/pgcr/16123066509,Pre-Flawless
,Warlord's Ruin,Normal,Titan,"May 5, 2025",33:08:00,7,324,DNF,—,16118146079,https://dungeon.report/pgcr/16118146079,Pre-Flawless
,Warlord's Ruin,Normal,Titan,"May 5, 2025",14:24,1,124,DNF,—,16118117871,https://dungeon.report/pgcr/16118117871,Pre-Flawless
,Warlord's Ruin,Normal,Titan,"May 4, 2025",25:08:00,3,246,DNF,—,16118105284,https://dungeon.report/pgcr/16118105284,Pre-Flawless
,Warlord's Ruin,Normal,Titan,"May 4, 2025",19:45,1,262,DNF,—,16118079719,https://dungeon.report/pgcr/16118079719,Pre-Flawless
,Warlord's Ruin,Normal,Titan,"May 4, 2025",6:00,0,30,DNF,—,16118056760,https://dungeon.report/pgcr/16118056760,Pre-Flawless
,Warlord's Ruin,Normal,Titan,"May 4, 2025",46:30:00,1,432,DNF,—,16118046109,https://dungeon.report/pgcr/16118046109,Pre-Flawless
,Warlord's Ruin,Normal,Titan,"May 4, 2025",10:05,1,47,DNF,—,16117995852,https://dungeon.report/pgcr/16117995852,Pre-Flawless
,Warlord's Ruin,Normal,Titan,"May 4, 2025",5:07,1,36,DNF,—,16117984655,https://dungeon.report/pgcr/16117984655,Pre-Flawless
,Warlord's Ruin,Normal,Titan,"May 4, 2025",5:46,1,53,DNF,—,16117978203,https://dungeon.report/pgcr/16117978203,Pre-Flawless
,Warlord's Ruin,Normal,Titan,"May 4, 2025",7:28,1,42,DNF,—,16117971457,https://dungeon.report/pgcr/16117971457,Pre-Flawless
,Warlord's Ruin,Normal,Titan,"May 4, 2025",5:20,1,34,DNF,—,16117963140,https://dungeon.report/pgcr/16117963140,Pre-Flawless
,Warlord's Ruin,Normal,Titan,"May 4, 2025",3:21,1,29,DNF,—,16117957107,https://dungeon.report/pgcr/16117957107,Pre-Flawless
,Warlord's Ruin,Normal,Titan,"May 4, 2025",21:23,5,252,DNF,—,16117952307,https://dungeon.report/pgcr/16117952307,Pre-Flawless
,Warlord's Ruin,Normal,Titan,"May 4, 2025",13:58,2,149,DNF,—,16117915868,https://dungeon.report/pgcr/16117915868,Pre-Flawless
,Warlord's Ruin,Normal,Titan,"May 3, 2025",37:40:00,1,410,DNF,—,16115659841,https://dungeon.report/pgcr/16115659841,Pre-Flawless
,Warlord's Ruin,Normal,Titan,"May 2, 2025",4:03:41,6,3394,DNF,—,16113366719,https://dungeon.report/pgcr/16113366719,Pre-Flawless
,Warlord's Ruin,Normal,Titan,"Apr 19, 2025",1:23:18,3,1453,DNF,—,16087137860,https://dungeon.report/pgcr/16087137860,Pre-Flawless
,Warlord's Ruin,Normal,Titan,"Apr 18, 2025",3:54:30,20,2755,DNF,—,16084900231,https://dungeon.report/pgcr/16084900231,Pre-Flawless
,Duality,Normal,Hunter,"Mar 16, 2025",42:43:00,1,459,DNF,—,15996067786,https://dungeon.report/pgcr/15996067786,Pre-Flawless
,Duality,Normal,Hunter,"Mar 9, 2025",1:04:52,4,668,DNF,—,15974497178,https://dungeon.report/pgcr/15974497178,Pre-Flawless
,Duality,Normal,Hunter,"Mar 9, 2025",47:49:00,3,509,DNF,—,15971695314,https://dungeon.report/pgcr/15971695314,Pre-Flawless
,Duality,Normal,Hunter,"Mar 8, 2025",44:08:00,2,364,DNF,—,15971550859,https://dungeon.report/pgcr/15971550859,Pre-Flawless
,Duality,Normal,Warlock,"Mar 7, 2025",1:43:47,0,1329,Solo Flawless,Unknown,15968755385,https://dungeon.report/pgcr/15968755385,Pre-Flawless
,Duality,Normal,Warlock,"Mar 6, 2025",40:36:00,1,471,DNF,—,15966022084,https://dungeon.report/pgcr/15966022084,Pre-Flawless
,Duality,Normal,Warlock,"Mar 5, 2025",23:19,1,364,DNF,—,15963915003,https://dungeon.report/pgcr/15963915003,Pre-Flawless
,Duality,Normal,Warlock,"Mar 5, 2025",31:52:00,2,286,DNF,—,15963877680,https://dungeon.report/pgcr/15963877680,Pre-Flawless
,Duality,Normal,Warlock,"Mar 5, 2025",1:37:53,5,695,DNF,—,15963829062,https://dungeon.report/pgcr/15963829062,Pre-Flawless
,Duality,Normal,Warlock,"Mar 4, 2025",22:41,1,250,DNF,—,15961540936,https://dungeon.report/pgcr/15961540936,Pre-Flawless
,Duality,Normal,Warlock,"Mar 4, 2025",33:35:00,1,430,DNF,—,15961503000,https://dungeon.report/pgcr/15961503000,Pre-Flawless
,Duality,Normal,Warlock,"Mar 4, 2025",5:50,1,20,DNF,—,15961452949,https://dungeon.report/pgcr/15961452949,Pre-Flawless
,Duality,Normal,Warlock,"Mar 4, 2025",1:58,0,0,DNF,—,15961440241,https://dungeon.report/pgcr/15961440241,Pre-Flawless
,Duality,Normal,Warlock,"Mar 4, 2025",10:20,1,88,DNF,—,15961436965,https://dungeon.report/pgcr/15961436965,Pre-Flawless
,Duality,Normal,Warlock,"Mar 4, 2025",15:42,1,173,DNF,—,15960757741,https://dungeon.report/pgcr/15960757741,Pre-Flawless
,Duality,Normal,Warlock,"Mar 2, 2025",13:48,1,117,DNF,—,15956879772,https://dungeon.report/pgcr/15956879772,Pre-Flawless
,Duality,Normal,Warlock,"Mar 2, 2025",41:56:00,2,488,DNF,—,15956842330,https://dungeon.report/pgcr/15956842330,Pre-Flawless
,Duality,Normal,Warlock,"Mar 1, 2025",13:05,1,167,DNF,—,15953939257,https://dungeon.report/pgcr/15953939257,Pre-Flawless
,Duality,Normal,Warlock,"Mar 1, 2025",13:23,1,127,DNF,—,15953909113,https://dungeon.report/pgcr/15953909113,Pre-Flawless
,Duality,Normal,Warlock,"Feb 28, 2025",1:23:38,1,888,DNF,—,15950895585,https://dungeon.report/pgcr/15950895585,Pre-Flawless
,Duality,Normal,Warlock,"Feb 28, 2025",30:32:00,1,390,DNF,—,15950736963,https://dungeon.report/pgcr/15950736963,Pre-Flawless
,Duality,Normal,Warlock,"Feb 27, 2025",2:13:40,6,1642,Solo,Unknown,15948308571,https://dungeon.report/pgcr/15948308571,Pre-Flawless
,Duality,Normal,Titan,"Feb 26, 2025",1:30:36,0,1186,Solo Flawless,Unknown,15945570093,https://dungeon.report/pgcr/15945570093,Pre-Flawless
,Duality,Normal,Titan,"Feb 26, 2025",17:01,1,126,DNF,—,15945398801,https://dungeon.report/pgcr/15945398801,Pre-Flawless
,Duality,Normal,Titan,"Feb 25, 2025",1:08:51,1,907,DNF,—,15942864440,https://dungeon.report/pgcr/15942864440,Pre-Flawless
,Duality,Normal,Titan,"Feb 24, 2025",55:53:00,2,790,DNF,—,15939996385,https://dungeon.report/pgcr/15939996385,Pre-Flawless
,Duality,Normal,Titan,"Feb 24, 2025",6:24,1,19,DNF,—,15939894374,https://dungeon.report/pgcr/15939894374,Pre-Flawless
,Duality,Normal,Titan,"Feb 24, 2025",1:18:36,1,969,DNF,—,15939866864,https://dungeon.report/pgcr/15939866864,Pre-Flawless
,Duality,Normal,Titan,"Feb 23, 2025",1:55:25,1,1195,DNF,—,15937628673,https://dungeon.report/pgcr/15937628673,Pre-Flawless
,Duality,Normal,Titan,"Feb 22, 2025",1:02:53,5,690,DNF,—,15934141877,https://dungeon.report/pgcr/15934141877,Pre-Flawless
,Duality,Normal,Titan,"Feb 20, 2025",2:19:01,4,1538,Solo,Unknown,15927862515,https://dungeon.report/pgcr/15927862515,Pre-Flawless
,Duality,Normal,Titan,"Feb 20, 2025",44:19:00,2,276,DNF,—,15927635466,https://dungeon.report/pgcr/15927635466,Pre-Flawless
,Sundered Doctrine,Normal,Hunter,"Feb 17, 2025",56:18:00,0,373,DNF,—,15917911418,https://dungeon.report/pgcr/15917911418,Pre-Flawless
,Sundered Doctrine,Normal,Titan,"Feb 17, 2025",1:56:19,2,830,DNF,—,15917751721,https://dungeon.report/pgcr/15917751721,Pre-Flawless
,Duality,Normal,Titan,"Feb 2, 2025",1:00:36,4,653,DNF,—,15858239301,https://dungeon.report/pgcr/15858239301,Pre-Flawless
,Duality,Normal,Titan,"Jan 29, 2025",1:49:32,3,1184,DNF,—,15848976133,https://dungeon.report/pgcr/15848976133,Pre-Flawless
,Duality,Normal,Titan,"Jan 29, 2025",42:54:00,2,514,DNF,—,15848855948,https://dungeon.report/pgcr/15848855948,Pre-Flawless
,Vesper's Host,Normal,Titan,"Nov 16, 2024",1:25:51,8,1790,DNF,—,15695210198,https://dungeon.report/pgcr/15695210198,Pre-Flawless
,Vesper's Host,Normal,Titan,"Nov 14, 2024",16:23,3,323,DNF,—,15688399548,https://dungeon.report/pgcr/15688399548,Pre-Flawless
,Vesper's Host,Normal,Warlock,"Nov 5, 2024",37:09:00,2,666,DNF,—,15669850488,https://dungeon.report/pgcr/15669850488,Pre-Flawless
,Vesper's Host,Normal,Titan,"Oct 31, 2024",23:15,2,398,DNF,—,15653751868,https://dungeon.report/pgcr/15653751868,Pre-Flawless
,Vesper's Host,Normal,Warlock,"Oct 30, 2024",1:53:33,4,2037,DNF,—,15653709402,https://dungeon.report/pgcr/15653709402,Pre-Flawless
,Vesper's Host,Normal,Warlock,"Oct 28, 2024",41:55:00,4,962,DNF,—,15648051241,https://dungeon.report/pgcr/15648051241,Pre-Flawless
,Vesper's Host,Normal,Warlock,"Oct 28, 2024",2:02:03,5,1091,DNF,—,15647989295,https://dungeon.report/pgcr/15647989295,Pre-Flawless
,Vesper's Host,Normal,Titan,"Oct 19, 2024",4:54,0,43,DNF,—,15621361602,https://dungeon.report/pgcr/15621361602,Pre-Flawless
,Vesper's Host,Normal,Titan,"Oct 14, 2024",1:31:15,12,1304,DNF,—,15604750723,https://dungeon.report/pgcr/15604750723,Pre-Flawless
,Warlord's Ruin,Normal,Titan,"Sep 26, 2024",35:40:00,1,491,DNF,—,15542154428,https://dungeon.report/pgcr/15542154428,Pre-Flawless
,Warlord's Ruin,Normal,Titan,"Sep 25, 2024",2:21:14,9,1819,DNF,—,15540557018,https://dungeon.report/pgcr/15540557018,Pre-Flawless
,Warlord's Ruin,Normal,Titan,"Aug 13, 2024",1:20:40,6,1036,DNF,—,15432419231,https://dungeon.report/pgcr/15432419231,Pre-Flawless
,Warlord's Ruin,Normal,Titan,"Aug 13, 2024",45:38:00,8,456,DNF,—,15431736269,https://dungeon.report/pgcr/15431736269,Pre-Flawless
,Warlord's Ruin,Normal,Warlock,"Aug 8, 2024",2:20:08,7,1755,DNF,—,15414273651,https://dungeon.report/pgcr/15414273651,Pre-Flawless
,Warlord's Ruin,Normal,Warlock,"Aug 8, 2024",24:44:00,1,406,DNF,—,15413910458,https://dungeon.report/pgcr/15413910458,Pre-Flawless
,Warlord's Ruin,Normal,Warlock,"Aug 7, 2024",3:17:14,9,2231,DNF,—,15410330332,https://dungeon.report/pgcr/15410330332,Pre-Flawless
,Warlord's Ruin,Normal,Warlock,"Aug 6, 2024",1:28:47,1,1049,DNF,—,15406053073,https://dungeon.report/pgcr/15406053073,Pre-Flawless
,Warlord's Ruin,Normal,Warlock,"Aug 5, 2024",2:52:24,10,2709,DNF,—,15402996524,https://dungeon.report/pgcr/15402996524,Pre-Flawless
,Warlord's Ruin,Normal,Warlock,"Aug 2, 2024",3:04:28,12,2253,DNF,—,15392013342,https://dungeon.report/pgcr/15392013342,Pre-Flawless
,Duality,Normal,Warlock,"Jul 30, 2024",1:36:30,8,1008,DNF,—,15379883495,https://dungeon.report/pgcr/15379883495,Pre-Flawless
,Duality,Normal,Titan,"Jul 28, 2024",2:02:25,10,958,DNF,—,15370333822,https://dungeon.report/pgcr/15370333822,Pre-Flawless
,Duality,Normal,Titan,"Jul 25, 2024",52:46:00,3,507,DNF,—,15357213548,https://dungeon.report/pgcr/15357213548,Pre-Flawless
,Duality,Normal,Titan,"Jul 25, 2024",2:38:37,9,1877,DNF,—,15356933584,https://dungeon.report/pgcr/15356933584,Pre-Flawless
,Duality,Normal,Titan,"Jul 24, 2024",2:55:40,5,2322,DNF,—,15353077670,https://dungeon.report/pgcr/15353077670,Pre-Flawless
,Warlord's Ruin,Normal,Warlock,"Jun 27, 2024",2:24,0,0,DNF,—,15209217334,https://dungeon.report/pgcr/15209217334,Pre-Flawless
,Duality,Normal,Titan,"May 18, 2024",2:07:24,3,1469,DNF,—,14832376835,https://dungeon.report/pgcr/14832376835,Pre-Flawless
,Warlord's Ruin,Normal,Warlock,"May 9, 2024",5:39:54,32,4520,Solo,Unknown,14781304394,https://dungeon.report/pgcr/14781304394,Pre-Flawless
,Warlord's Ruin,Normal,Warlock,"May 9, 2024",13:29,1,189,DNF,—,14779563606,https://dungeon.report/pgcr/14779563606,Pre-Flawless
,Warlord's Ruin,Normal,Warlock,"May 9, 2024",2:39,1,16,DNF,—,14779492407,https://dungeon.report/pgcr/14779492407,Pre-Flawless
,Warlord's Ruin,Normal,Warlock,"May 9, 2024",14:39,1,199,DNF,—,14779480360,https://dungeon.report/pgcr/14779480360,Pre-Flawless
,Warlord's Ruin,Normal,Warlock,"May 9, 2024",1:49,1,0,DNF,—,14779410242,https://dungeon.report/pgcr/14779410242,Pre-Flawless
,Warlord's Ruin,Normal,Titan,"Apr 30, 2024",3:31,1,15,DNF,—,14737925114,https://dungeon.report/pgcr/14737925114,Pre-Flawless
,Warlord's Ruin,Normal,Warlock,"Apr 22, 2024",38:51:00,1,385,DNF,—,14699891193,https://dungeon.report/pgcr/14699891193,Pre-Flawless
,Warlord's Ruin,Normal,Warlock,"Apr 22, 2024",2:48:35,32,3386,DNF,—,14699797368,https://dungeon.report/pgcr/14699797368,Pre-Flawless
,Warlord's Ruin,Normal,Warlock,"Apr 21, 2024",5:02:50,32,3994,DNF,—,14695325120,https://dungeon.report/pgcr/14695325120,Pre-Flawless
,Warlord's Ruin,Normal,Warlock,"Apr 15, 2024",2:04,0,0,DNF,—,14662655604,https://dungeon.report/pgcr/14662655604,Pre-Flawless
,Warlord's Ruin,Normal,Warlock,"Apr 15, 2024",1:06:18,2,948,DNF,—,14662503353,https://dungeon.report/pgcr/14662503353,Pre-Flawless
,Warlord's Ruin,Normal,Warlock,"Apr 14, 2024",58:58:00,1,532,DNF,—,14658123373,https://dungeon.report/pgcr/14658123373,Pre-Flawless
,Warlord's Ruin,Normal,Warlock,"Apr 14, 2024",21:06,2,248,DNF,—,14657977302,https://dungeon.report/pgcr/14657977302,Pre-Flawless
,Warlord's Ruin,Normal,Titan,"Apr 14, 2024",2:13,0,6,DNF,—,14656928834,https://dungeon.report/pgcr/14656928834,Pre-Flawless
,Warlord's Ruin,Normal,Titan,"Apr 14, 2024",1:44,0,0,DNF,—,14905563855,https://dungeon.report/pgcr/14905563855,Pre-Flawless
,Warlord's Ruin,Normal,Hunter,"Apr 14, 2024",2:20,0,0,DNF,—,14652411796,https://dungeon.report/pgcr/14652411796,Pre-Flawless
,Warlord's Ruin,Normal,Hunter,"Apr 14, 2024",6:56,0,16,DNF,—,14652406156,https://dungeon.report/pgcr/14652406156,Pre-Flawless
,Duality,Normal,Titan,"Mar 8, 2024",2:30:49,8,1777,DNF,—,14510676734,https://dungeon.report/pgcr/14510676734,Pre-Flawless
,Duality,Normal,Titan,"Mar 7, 2024",3:23:34,10,2285,DNF,—,14507368453,https://dungeon.report/pgcr/14507368453,Pre-Flawless
,Duality,Normal,Titan,"Mar 4, 2024",1:01:11,5,707,DNF,—,14494123912,https://dungeon.report/pgcr/14494123912,Pre-Flawless
,Duality,Normal,Titan,"Mar 2, 2024",1:38:52,6,1306,DNF,—,14488267418,https://dungeon.report/pgcr/14488267418,Pre-Flawless
,Duality,Normal,Titan,"Mar 2, 2024",12:24,4,133,DNF,—,14487602426,https://dungeon.report/pgcr/14487602426,Pre-Flawless
,Duality,Normal,Titan,"Mar 1, 2024",2:33:36,13,1506,DNF,—,14485035503,https://dungeon.report/pgcr/14485035503,Pre-Flawless
,Duality,Normal,Titan,"Feb 11, 2024",2:23:18,14,1458,DNF,—,14428015525,https://dungeon.report/pgcr/14428015525,Pre-Flawless
,Duality,Normal,Titan,"Feb 8, 2024",2:06:15,10,1492,DNF,—,14418383328,https://dungeon.report/pgcr/14418383328,Pre-Flawless
,Duality,Normal,Titan,"Feb 7, 2024",58:42:00,5,738,DNF,—,14415759530,https://dungeon.report/pgcr/14415759530,Pre-Flawless
,Duality,Normal,Titan,"Feb 5, 2024",48:06:00,6,415,DNF,—,14410090655,https://dungeon.report/pgcr/14410090655,Pre-Flawless
,Warlord's Ruin,Normal,Titan,"Jan 16, 2024",6:37,3,37,DNF,—,14341754113,https://dungeon.report/pgcr/14341754113,Pre-Flawless
,Warlord's Ruin,Normal,Titan,"Dec 11, 2023",58:24:00,15,557,DNF,—,14158720699,https://dungeon.report/pgcr/14158720699,Pre-Flawless
,Warlord's Ruin,Normal,Titan,"Dec 1, 2023",8:13,1,31,DNF,—,14115017613,https://dungeon.report/pgcr/14115017613,Pre-Flawless
,Warlord's Ruin,Normal,Titan,"Dec 1, 2023",45:30:00,7,420,DNF,—,14113769567,https://dungeon.report/pgcr/14113769567,Pre-Flawless
,Warlord's Ruin,Normal,Titan,"Dec 1, 2023",1:29:58,18,618,DNF,—,14113534423,https://dungeon.report/pgcr/14113534423,Pre-Flawless
,Duality,Normal,Titan,"Nov 23, 2023",4:23:20,24,2235,DNF,—,14079271022,https://dungeon.report/pgcr/14079271022,Pre-Flawless
,Duality,Normal,Titan,"Nov 18, 2023",1:00:32,5,428,DNF,—,14066338984,https://dungeon.report/pgcr/14066338984,Pre-Flawless
,Duality,Normal,Titan,"Nov 18, 2023",2:21,0,0,DNF,—,14066229597,https://dungeon.report/pgcr/14066229597,Pre-Flawless
,Ghosts of the Deep,Normal,Warlock,"Oct 30, 2023",36:53:00,7,650,DNF,—,14019817567,https://dungeon.report/pgcr/14019817567,Pre-Flawless
,Ghosts of the Deep,Normal,Warlock,"Oct 29, 2023",31:49:00,3,603,DNF,—,14017239419,https://dungeon.report/pgcr/14017239419,Pre-Flawless
,Ghosts of the Deep,Normal,Warlock,"Oct 29, 2023",37:33:00,5,654,DNF,—,14017165218,https://dungeon.report/pgcr/14017165218,Pre-Flawless
,Ghosts of the Deep,Normal,Warlock,"Oct 28, 2023",1:27:12,9,1589,DNF,—,14014001906,https://dungeon.report/pgcr/14014001906,Pre-Flawless
,Ghosts of the Deep,Normal,Warlock,"Oct 28, 2023",1:04:29,7,1139,DNF,—,14013706378,https://dungeon.report/pgcr/14013706378,Pre-Flawless
,Ghosts of the Deep,Normal,Warlock,"Oct 28, 2023",56:49:00,15,504,DNF,—,14012026813,https://dungeon.report/pgcr/14012026813,Pre-Flawless
,Ghosts of the Deep,Normal,Warlock,"Oct 28, 2023",19:09,3,278,DNF,—,14011839199,https://dungeon.report/pgcr/14011839199,Pre-Flawless
,Ghosts of the Deep,Normal,Warlock,"Oct 27, 2023",1:15:47,10,1199,DNF,—,14010587942,https://dungeon.report/pgcr/14010587942,Pre-Flawless
,Ghosts of the Deep,Normal,Titan,"Oct 9, 2023",43:41:00,7,757,DNF,—,13952739361,https://dungeon.report/pgcr/13952739361,Pre-Flawless
,Ghosts of the Deep,Normal,Titan,"Oct 8, 2023",58:40:00,2,455,DNF,—,13948277871,https://dungeon.report/pgcr/13948277871,Pre-Flawless
,Prophecy,Normal,Hunter,"Oct 6, 2023",1:27:48,0,1009,Solo Flawless,Unknown,13941677483,https://dungeon.report/pgcr/13941677483,Pre-Flawless
,Prophecy,Normal,Hunter,"Oct 2, 2023",48:27:00,1,424,DNF,—,13926461148,https://dungeon.report/pgcr/13926461148,Pre-Flawless
,Prophecy,Normal,Hunter,"Oct 2, 2023",11:22,1,116,DNF,—,13926367391,https://dungeon.report/pgcr/13926367391,Pre-Flawless
,Prophecy,Normal,Hunter,"Oct 2, 2023",7:31,1,38,DNF,—,13926344060,https://dungeon.report/pgcr/13926344060,Pre-Flawless
,Prophecy,Normal,Hunter,"Oct 2, 2023",10:35,1,24,DNF,—,13926328751,https://dungeon.report/pgcr/13926328751,Pre-Flawless
,Prophecy,Normal,Hunter,"Oct 2, 2023",10:54,1,100,DNF,—,13926306090,https://dungeon.report/pgcr/13926306090,Pre-Flawless
,Prophecy,Normal,Hunter,"Oct 2, 2023",56:12:00,9,660,DNF,—,13926280678,https://dungeon.report/pgcr/13926280678,Pre-Flawless
,Prophecy,Normal,Warlock,"Oct 1, 2023",1:14:26,0,754,Solo Flawless,Unknown,13923010649,https://dungeon.report/pgcr/13923010649,Pre-Flawless
,Prophecy,Normal,Warlock,"Oct 1, 2023",7:37,1,48,DNF,—,13922865837,https://dungeon.report/pgcr/13922865837,Pre-Flawless
,Prophecy,Normal,Warlock,"Oct 1, 2023",8:04,1,46,DNF,—,13922850160,https://dungeon.report/pgcr/13922850160,Pre-Flawless
,Prophecy,Normal,Warlock,"Oct 1, 2023",6:49,1,37,DNF,—,13922833181,https://dungeon.report/pgcr/13922833181,Pre-Flawless
,Prophecy,Normal,Warlock,"Oct 1, 2023",27:30:00,0,308,Solo Flawless,Unknown,13918914650,https://dungeon.report/pgcr/13918914650,Pre-Flawless
,Prophecy,Normal,Warlock,"Sep 30, 2023",27:59:00,2,254,DNF,—,13918837683,https://dungeon.report/pgcr/13918837683,Pre-Flawless
,Prophecy,Normal,Warlock,"Sep 30, 2023",1:04:12,6,310,DNF,—,13918763002,https://dungeon.report/pgcr/13918763002,Pre-Flawless
,Grasp of Avarice,Normal,Hunter,"Aug 21, 2023",1:31:11,0,633,Solo Flawless,Unknown,13697117249,https://dungeon.report/pgcr/13697117249,Pre-Flawless
,Grasp of Avarice,Normal,Hunter,"Aug 21, 2023",13:10,1,109,DNF,—,13696850783,https://dungeon.report/pgcr/13696850783,Pre-Flawless
,Grasp of Avarice,Normal,Hunter,"Aug 18, 2023",1:57:58,1,898,Solo,Unknown,13687344863,https://dungeon.report/pgcr/13687344863,Pre-Flawless
,Prophecy,Normal,Warlock,"Aug 17, 2023",10:19,1,22,DNF,—,13684711029,https://dungeon.report/pgcr/13684711029,Pre-Flawless
,Grasp of Avarice,Normal,Warlock,"Aug 17, 2023",1:28:21,0,824,Solo Flawless,Unknown,13684673634,https://dungeon.report/pgcr/13684673634,Pre-Flawless
,Grasp of Avarice,Normal,Warlock,"Aug 17, 2023",31:06:00,1,262,DNF,—,13684521346,https://dungeon.report/pgcr/13684521346,Pre-Flawless
,Grasp of Avarice,Normal,Warlock,"Aug 17, 2023",8:33,1,70,DNF,—,13684389227,https://dungeon.report/pgcr/13684389227,Pre-Flawless
,Grasp of Avarice,Normal,Warlock,"Aug 16, 2023",1:31:57,1,684,DNF,—,13681691244,https://dungeon.report/pgcr/13681691244,Pre-Flawless
,Grasp of Avarice,Normal,Warlock,"Aug 16, 2023",5:20,1,68,DNF,—,13681517763,https://dungeon.report/pgcr/13681517763,Pre-Flawless
,Grasp of Avarice,Normal,Warlock,"Aug 16, 2023",6:15,1,72,DNF,—,13681505601,https://dungeon.report/pgcr/13681505601,Pre-Flawless
,Grasp of Avarice,Normal,Warlock,"Aug 16, 2023",5:40,1,74,DNF,—,13681485360,https://dungeon.report/pgcr/13681485360,Pre-Flawless
,Grasp of Avarice,Normal,Warlock,"Aug 16, 2023",6:23,1,73,DNF,—,13681474056,https://dungeon.report/pgcr/13681474056,Pre-Flawless
,Grasp of Avarice,Normal,Warlock,"Aug 13, 2023",54:39:00,1,469,DNF,—,13672124006,https://dungeon.report/pgcr/13672124006,Pre-Flawless
,Grasp of Avarice,Normal,Warlock,"Aug 13, 2023",16:31,1,155,DNF,—,13672036683,https://dungeon.report/pgcr/13672036683,Pre-Flawless
,Grasp of Avarice,Normal,Warlock,"Aug 13, 2023",6:21,1,78,DNF,—,13672009396,https://dungeon.report/pgcr/13672009396,Pre-Flawless
,Grasp of Avarice,Normal,Warlock,"Aug 13, 2023",6:48,1,98,DNF,—,13671998666,https://dungeon.report/pgcr/13671998666,Pre-Flawless
,Grasp of Avarice,Normal,Warlock,"Aug 13, 2023",8:18,1,77,DNF,—,13671986678,https://dungeon.report/pgcr/13671986678,Pre-Flawless
,Grasp of Avarice,Normal,Warlock,"Aug 13, 2023",6:09,1,75,DNF,—,13671972682,https://dungeon.report/pgcr/13671972682,Pre-Flawless
,Grasp of Avarice,Normal,Warlock,"Aug 13, 2023",36:25:00,0,217,Solo Flawless,Unknown,13670894333,https://dungeon.report/pgcr/13670894333,Pre-Flawless
,Grasp of Avarice,Normal,Warlock,"Aug 12, 2023",2:10:20,23,816,DNF,—,13668816737,https://dungeon.report/pgcr/13668816737,Pre-Flawless
,Ghosts of the Deep,Normal,Warlock,"Aug 7, 2023",1:44:17,14,1009,DNF,—,13654818878,https://dungeon.report/pgcr/13654818878,Pre-Flawless
,Ghosts of the Deep,Normal,Warlock,"Aug 6, 2023",2:08:45,3,1202,DNF,—,13651627916,https://dungeon.report/pgcr/13651627916,Pre-Flawless
,Ghosts of the Deep,Normal,Warlock,"Aug 6, 2023",38:15:00,3,724,DNF,—,13651090770,https://dungeon.report/pgcr/13651090770,Pre-Flawless
,Ghosts of the Deep,Normal,Warlock,"Aug 5, 2023",2:34:27,8,3874,DNF,—,13648205906,https://dungeon.report/pgcr/13648205906,Pre-Flawless
,Ghosts of the Deep,Normal,Warlock,"Aug 5, 2023",1:45:39,12,2094,DNF,—,13647703207,https://dungeon.report/pgcr/13647703207,Pre-Flawless
,Ghosts of the Deep,Normal,Warlock,"Aug 5, 2023",48:45:00,5,784,DNF,—,13646807670,https://dungeon.report/pgcr/13646807670,Pre-Flawless
,Ghosts of the Deep,Normal,Warlock,"Aug 3, 2023",1:13:34,1,924,DNF,—,13641298307,https://dungeon.report/pgcr/13641298307,Pre-Flawless
,Ghosts of the Deep,Normal,Hunter,"Aug 3, 2023",30:07:00,5,219,DNF,—,13641181973,https://dungeon.report/pgcr/13641181973,Pre-Flawless
,Ghosts of the Deep,Normal,Titan,"Jul 31, 2023",1:34:34,15,1195,DNF,—,13632167419,https://dungeon.report/pgcr/13632167419,Pre-Flawless
,Ghosts of the Deep,Normal,Titan,"Jul 30, 2023",49:08:00,7,823,DNF,—,13628941068,https://dungeon.report/pgcr/13628941068,Pre-Flawless
,Ghosts of the Deep,Normal,Titan,"Jul 29, 2023",4:00:37,16,2995,DNF,—,13625479766,https://dungeon.report/pgcr/13625479766,Pre-Flawless
,Ghosts of the Deep,Normal,Titan,"Jul 23, 2023",2:59:19,14,2053,DNF,—,13605345143,https://dungeon.report/pgcr/13605345143,Pre-Flawless
,Ghosts of the Deep,Normal,Titan,"Jul 23, 2023",37:44:00,1,278,DNF,—,13603336227,https://dungeon.report/pgcr/13603336227,Pre-Flawless
,Ghosts of the Deep,Normal,Titan,"Jul 23, 2023",5:00,0,16,DNF,—,13603165199,https://dungeon.report/pgcr/13603165199,Pre-Flawless
,Ghosts of the Deep,Normal,Titan,"Jul 23, 2023",13:38,1,42,DNF,—,13603137095,https://dungeon.report/pgcr/13603137095,Pre-Flawless
,Prophecy,Normal,Warlock,"Jun 17, 2023",1:23:34,1,592,DNF,—,13455914646,https://dungeon.report/pgcr/13455914646,Pre-Flawless
,Prophecy,Normal,Warlock,"Jun 17, 2023",13:45,1,105,DNF,—,13455619614,https://dungeon.report/pgcr/13455619614,Pre-Flawless
,Prophecy,Normal,Warlock,"Jun 17, 2023",14:53,1,87,DNF,—,13455568427,https://dungeon.report/pgcr/13455568427,Pre-Flawless
,Prophecy,Normal,Warlock,"Jun 17, 2023",6:26,1,38,DNF,—,13455512116,https://dungeon.report/pgcr/13455512116,Pre-Flawless
,Prophecy,Normal,Warlock,"Jun 16, 2023",17:58,1,153,DNF,—,13450947075,https://dungeon.report/pgcr/13450947075,Pre-Flawless
,Prophecy,Normal,Warlock,"Jun 16, 2023",13:40,1,110,DNF,—,13450885102,https://dungeon.report/pgcr/13450885102,Pre-Flawless
,Prophecy,Normal,Warlock,"Jun 16, 2023",12:16,1,85,DNF,—,13450838304,https://dungeon.report/pgcr/13450838304,Pre-Flawless
,Prophecy,Normal,Warlock,"Jun 16, 2023",7:27,1,39,DNF,—,13450794982,https://dungeon.report/pgcr/13450794982,Pre-Flawless
,Ghosts of the Deep,Normal,Titan,"May 28, 2023",52:05:00,4,577,DNF,—,13329105455,https://dungeon.report/pgcr/13329105455,Pre-Flawless
,Ghosts of the Deep,Normal,Titan,"May 28, 2023",44:34:00,1,275,DNF,—,13327076644,https://dungeon.report/pgcr/13327076644,Pre-Flawless
,Ghosts of the Deep,Normal,Warlock,"May 27, 2023",1:07,0,0,DNF,—,13318490218,https://dungeon.report/pgcr/13318490218,Pre-Flawless
,Prophecy,Normal,Warlock,"May 22, 2023",10:47,1,89,DNF,—,13264535714,https://dungeon.report/pgcr/13264535714,Pre-Flawless
,Prophecy,Normal,Warlock,"May 22, 2023",12:04,1,121,DNF,—,13264494773,https://dungeon.report/pgcr/13264494773,Pre-Flawless
,Prophecy,Normal,Warlock,"May 22, 2023",13:43,1,1,DNF,—,13264444338,https://dungeon.report/pgcr/13264444338,Pre-Flawless
,Prophecy,Normal,Warlock,"May 22, 2023",10:45,1,88,DNF,—,13264388976,https://dungeon.report/pgcr/13264388976,Pre-Flawless
,Prophecy,Normal,Warlock,"May 21, 2023",1:39:32,1,747,DNF,—,13259319505,https://dungeon.report/pgcr/13259319505,Pre-Flawless
,Prophecy,Normal,Warlock,"May 21, 2023",8:22,1,70,DNF,—,13259011050,https://dungeon.report/pgcr/13259011050,Pre-Flawless
,Prophecy,Normal,Warlock,"May 21, 2023",12:39,1,83,DNF,—,13258982620,https://dungeon.report/pgcr/13258982620,Pre-Flawless
,Prophecy,Normal,Warlock,"May 21, 2023",21:52,2,79,DNF,—,13258937014,https://dungeon.report/pgcr/13258937014,Pre-Flawless
,Prophecy,Normal,Warlock,"May 21, 2023",15:09,1,95,DNF,—,13258855755,https://dungeon.report/pgcr/13258855755,Pre-Flawless
,Prophecy,Normal,Warlock,"May 21, 2023",17:25,0,0,DNF,—,13257703931,https://dungeon.report/pgcr/13257703931,Pre-Flawless
,Prophecy,Normal,Warlock,"May 21, 2023",15:44,0,0,DNF,—,13257624239,https://dungeon.report/pgcr/13257624239,Pre-Flawless
,Prophecy,Normal,Warlock,"May 21, 2023",22:09,1,61,DNF,—,13257555196,https://dungeon.report/pgcr/13257555196,Pre-Flawless
,Prophecy,Normal,Warlock,"May 21, 2023",38:22:00,0,232,DNF,—,13257422607,https://dungeon.report/pgcr/13257422607,Pre-Flawless
,Prophecy,Normal,Warlock,"May 21, 2023",1:36:02,1,772,DNF,—,13257208153,https://dungeon.report/pgcr/13257208153,Pre-Flawless
,Prophecy,Normal,Warlock,"May 21, 2023",47:00:00,1,437,DNF,—,13256699805,https://dungeon.report/pgcr/13256699805,Pre-Flawless
,Prophecy,Normal,Warlock,"May 21, 2023",10:40,1,48,DNF,—,13256442116,https://dungeon.report/pgcr/13256442116,Pre-Flawless
,Prophecy,Normal,Warlock,"May 20, 2023",9:19,1,83,DNF,—,13253450584,https://dungeon.report/pgcr/13253450584,Pre-Flawless
,Prophecy,Normal,Warlock,"May 20, 2023",10:34,1,82,DNF,—,13253421159,https://dungeon.report/pgcr/13253421159,Pre-Flawless
,Prophecy,Normal,Warlock,"May 20, 2023",1:28:05,1,679,DNF,—,13253385887,https://dungeon.report/pgcr/13253385887,Pre-Flawless
,Prophecy,Normal,Warlock,"May 20, 2023",8:52,1,71,DNF,—,13253053877,https://dungeon.report/pgcr/13253053877,Pre-Flawless
,Prophecy,Normal,Warlock,"May 20, 2023",17:42,1,127,DNF,—,13253019880,https://dungeon.report/pgcr/13253019880,Pre-Flawless
,Prophecy,Normal,Warlock,"May 20, 2023",19:21,1,196,DNF,—,13252946795,https://dungeon.report/pgcr/13252946795,Pre-Flawless
,Prophecy,Normal,Warlock,"May 20, 2023",8:57,1,71,DNF,—,13252865336,https://dungeon.report/pgcr/13252865336,Pre-Flawless
,Prophecy,Normal,Warlock,"May 20, 2023",7:14,1,38,DNF,—,13252828896,https://dungeon.report/pgcr/13252828896,Pre-Flawless
,Prophecy,Normal,Warlock,"May 20, 2023",11:49,1,64,DNF,—,13252799608,https://dungeon.report/pgcr/13252799608,Pre-Flawless
,Prophecy,Normal,Warlock,"May 20, 2023",10:23,1,72,DNF,—,13252747426,https://dungeon.report/pgcr/13252747426,Pre-Flawless
,Prophecy,Normal,Warlock,"May 19, 2023",59:22:00,1,473,DNF,—,13247452158,https://dungeon.report/pgcr/13247452158,Pre-Flawless
,Prophecy,Normal,Warlock,"May 19, 2023",9:25,1,94,DNF,—,13247237610,https://dungeon.report/pgcr/13247237610,Pre-Flawless
,Prophecy,Normal,Warlock,"May 19, 2023",16:08,1,90,DNF,—,13247202756,https://dungeon.report/pgcr/13247202756,Pre-Flawless
,Prophecy,Normal,Warlock,"May 19, 2023",18:38,1,157,DNF,—,13247141206,https://dungeon.report/pgcr/13247141206,Pre-Flawless
,Prophecy,Normal,Warlock,"May 16, 2023",1:27:48,1,753,DNF,—,13233868685,https://dungeon.report/pgcr/13233868685,Pre-Flawless
,Prophecy,Normal,Warlock,"May 16, 2023",8:37,1,38,DNF,—,13233620005,https://dungeon.report/pgcr/13233620005,Pre-Flawless
,Prophecy,Normal,Warlock,"May 16, 2023",10:10,1,78,DNF,—,13233592772,https://dungeon.report/pgcr/13233592772,Pre-Flawless
,Prophecy,Normal,Warlock,"May 15, 2023",2:22:45,9,1327,Solo,Unknown,13229606596,https://dungeon.report/pgcr/13229606596,Pre-Flawless
,Prophecy,Normal,Warlock,"May 14, 2023",51:19:00,6,528,DNF,—,13224536237,https://dungeon.report/pgcr/13224536237,Pre-Flawless
,Prophecy,Normal,Warlock,"May 13, 2023",55:57:00,3,452,DNF,—,13215357389,https://dungeon.report/pgcr/13215357389,Pre-Flawless
,Prophecy,Normal,Warlock,"May 12, 2023",33:27:00,8,340,DNF,—,13213981644,https://dungeon.report/pgcr/13213981644,Pre-Flawless
,Prophecy,Normal,Warlock,"May 12, 2023",5:32,1,11,DNF,—,13213808023,https://dungeon.report/pgcr/13213808023,Pre-Flawless
,Prophecy,Normal,Warlock,"May 12, 2023",4:34,1,23,DNF,—,13213765321,https://dungeon.report/pgcr/13213765321,Pre-Flawless
,Prophecy,Normal,Warlock,"May 12, 2023",25:35:00,5,188,DNF,—,13213714255,https://dungeon.report/pgcr/13213714255,Pre-Flawless
,Prophecy,Normal,Titan,"May 8, 2023",1:33:19,0,791,Solo Flawless,Unknown,13195408012,https://dungeon.report/pgcr/13195408012,Pre-Flawless
,Prophecy,Normal,Titan,"May 8, 2023",1:00:15,2,563,Solo,Unknown,13194963574,https://dungeon.report/pgcr/13194963574,Pre-Flawless
,Prophecy,Normal,Titan,"May 7, 2023",52:32:00,1,416,DNF,—,13190288384,https://dungeon.report/pgcr/13190288384,Pre-Flawless
,Prophecy,Normal,Titan,"May 7, 2023",10:21,1,62,DNF,—,13190146325,https://dungeon.report/pgcr/13190146325,Pre-Flawless
,Prophecy,Normal,Titan,"May 7, 2023",36:08:00,1,257,DNF,—,13190117502,https://dungeon.report/pgcr/13190117502,Pre-Flawless
,Prophecy,Normal,Titan,"May 7, 2023",10:56,2,82,DNF,—,13190002279,https://dungeon.report/pgcr/13190002279,Pre-Flawless
,Prophecy,Normal,Warlock,"May 1, 2023",20:30,4,200,DNF,—,13156796298,https://dungeon.report/pgcr/13156796298,Pre-Flawless
,Prophecy,Normal,Warlock,"May 1, 2023",8:21,0,32,DNF,—,13156741584,https://dungeon.report/pgcr/13156741584,Pre-Flawless
,Prophecy,Normal,Titan,"May 1, 2023",27:17:00,1,217,DNF,—,13156636671,https://dungeon.report/pgcr/13156636671,Pre-Flawless
,Prophecy,Normal,Titan,"Apr 30, 2023",1:26:41,3,805,DNF,—,13151307605,https://dungeon.report/pgcr/13151307605,Pre-Flawless
,Prophecy,Normal,Titan,"Apr 30, 2023",1:09,0,0,DNF,—,13151039946,https://dungeon.report/pgcr/13151039946,Pre-Flawless
,Prophecy,Normal,Titan,"Apr 30, 2023",12:41,1,89,DNF,—,13151000619,https://dungeon.report/pgcr/13151000619,Pre-Flawless
,Prophecy,Normal,Titan,"Apr 30, 2023",30:35:00,1,212,DNF,—,13150918818,https://dungeon.report/pgcr/13150918818,Pre-Flawless
,Prophecy,Normal,Titan,"Apr 18, 2023",2:55,1,8,DNF,—,13069095865,https://dungeon.report/pgcr/13069095865,Pre-Flawless
,Prophecy,Normal,Titan,"Apr 17, 2023",52:03:00,4,359,DNF,—,13065456547,https://dungeon.report/pgcr/13065456547,Pre-Flawless
,Prophecy,Normal,Titan,"Apr 16, 2023",17:39,1,151,DNF,—,13057747959,https://dungeon.report/pgcr/13057747959,Pre-Flawless
,Prophecy,Normal,Titan,"Apr 16, 2023",9:52,1,41,DNF,—,13057663744,https://dungeon.report/pgcr/13057663744,Pre-Flawless
,Prophecy,Normal,Titan,"Apr 16, 2023",15:50,1,83,DNF,—,13057616990,https://dungeon.report/pgcr/13057616990,Pre-Flawless
,Prophecy,Normal,Titan,"Apr 15, 2023",32:45:00,0,316,Solo Flawless,Unknown,13045721167,https://dungeon.report/pgcr/13045721167,Pre-Flawless
,Prophecy,Normal,Titan,"Apr 14, 2023",2:47:55,9,820,DNF,—,13041193224,https://dungeon.report/pgcr/13041193224,Pre-Flawless
,Prophecy,Normal,Titan,"Apr 13, 2023",16:50,2,121,DNF,—,13033477082,https://dungeon.report/pgcr/13033477082,Pre-Flawless
,Spire of the Watcher,Normal,Hunter,"Apr 2, 2023",1:35:44,10,708,DNF,—,12939986693,https://dungeon.report/pgcr/12939986693,Pre-Flawless
,Grasp of Avarice,Normal,Hunter,"Feb 18, 2023",3:45:13,12,1381,Solo,Unknown,12449223854,https://dungeon.report/pgcr/12449223854,Pre-Flawless
,Spire of the Watcher,Normal,Titan,"Dec 12, 2022",38:41:00,2,274,DNF,—,12048401913,https://dungeon.report/pgcr/12048401913,Pre-Flawless
,Prophecy,Normal,Titan,"Nov 21, 2022",1:43:35,5,941,DNF,—,11956690247,https://dungeon.report/pgcr/11956690247,Pre-Flawless
,Prophecy,Normal,Titan,"Nov 21, 2022",1:14:17,7,659,DNF,—,11956533790,https://dungeon.report/pgcr/11956533790,Pre-Flawless
,Duality,Normal,Hunter,"Oct 9, 2022",38:31:00,3,190,DNF,—,11766436614,https://dungeon.report/pgcr/11766436614,Pre-Flawless
,Grasp of Avarice,Normal,Hunter,"Oct 7, 2022",53:28:00,6,375,DNF,—,11756867987,https://dungeon.report/pgcr/11756867987,Pre-Flawless
,Grasp of Avarice,Normal,Hunter,"Oct 7, 2022",26:39:00,0,163,DNF,—,11756600074,https://dungeon.report/pgcr/11756600074,Pre-Flawless
,Grasp of Avarice,Normal,Hunter,"Oct 5, 2022",31:03:00,2,205,DNF,—,11744877862,https://dungeon.report/pgcr/11744877862,Pre-Flawless
,Pit of Heresy,Normal,Hunter,"Oct 1, 2022",1:16:30,0,514,Solo Flawless,Unknown,11719128942,https://dungeon.report/pgcr/11719128942,Pre-Flawless
,Pit of Heresy,Normal,Hunter,"Oct 1, 2022",18:50,1,61,DNF,—,11718761417,https://dungeon.report/pgcr/11718761417,Pre-Flawless
,Pit of Heresy,Normal,Hunter,"Oct 1, 2022",2:13:10,1,528,DNF,—,11717304006,https://dungeon.report/pgcr/11717304006,Pre-Flawless
,Pit of Heresy,Normal,Warlock,"Sep 30, 2022",1:36:33,0,529,Solo Flawless,Unknown,11711971570,https://dungeon.report/pgcr/11711971570,Pre-Flawless
,Pit of Heresy,Normal,Warlock,"Sep 30, 2022",1:24:05,2,553,DNF,—,11711557891,https://dungeon.report/pgcr/11711557891,Pre-Flawless
,Pit of Heresy,Normal,Warlock,"Sep 5, 2022",2:15:43,19,1104,DNF,—,11515928102,https://dungeon.report/pgcr/11515928102,Pre-Flawless
,Pit of Heresy,Normal,Warlock,"Sep 5, 2022",11:07,1,35,DNF,—,11515151296,https://dungeon.report/pgcr/11515151296,Pre-Flawless
,Pit of Heresy,Normal,Hunter,"Jun 20, 2022",5:14,0,0,DNF,—,11009829139,https://dungeon.report/pgcr/11009829139,Pre-Flawless
,Pit of Heresy,Normal,Hunter,"Jun 20, 2022",10:30,1,37,DNF,—,11009811368,https://dungeon.report/pgcr/11009811368,Pre-Flawless
,Pit of Heresy,Normal,Hunter,"May 26, 2022",53:32:00,2,356,DNF,—,10815679222,https://dungeon.report/pgcr/10815679222,Pre-Flawless
,Pit of Heresy,Normal,Hunter,"May 26, 2022",1:13,0,0,DNF,—,10815274980,https://dungeon.report/pgcr/10815274980,Pre-Flawless
,Pit of Heresy,Normal,Hunter,"May 23, 2022",59:59:00,1,371,DNF,—,10782599669,https://dungeon.report/pgcr/10782599669,Pre-Flawless
,Pit of Heresy,Normal,Hunter,"May 23, 2022",48:58:00,1,331,DNF,—,10782422513,https://dungeon.report/pgcr/10782422513,Pre-Flawless
,Pit of Heresy,Normal,Hunter,"May 22, 2022",1:07:23,1,378,DNF,—,10778123512,https://dungeon.report/pgcr/10778123512,Pre-Flawless
,Pit of Heresy,Normal,Hunter,"May 22, 2022",18:34,0,207,DNF,—,10777948978,https://dungeon.report/pgcr/10777948978,Pre-Flawless
,Pit of Heresy,Normal,Hunter,"May 20, 2022",48:26:00,1,217,DNF,—,10768608342,https://dungeon.report/pgcr/10768608342,Pre-Flawless
,Pit of Heresy,Normal,Hunter,"May 20, 2022",15:54,1,52,DNF,—,10768468554,https://dungeon.report/pgcr/10768468554,Pre-Flawless
,Pit of Heresy,Normal,Hunter,"May 20, 2022",16:52,0,235,DNF,—,10768406719,https://dungeon.report/pgcr/10768406719,Pre-Flawless
,Pit of Heresy,Normal,Hunter,"May 19, 2022",41:33:00,1,205,DNF,—,10763989476,https://dungeon.report/pgcr/10763989476,Pre-Flawless
,Pit of Heresy,Normal,Hunter,"May 19, 2022",3:34,0,0,DNF,—,10763867629,https://dungeon.report/pgcr/10763867629,Pre-Flawless
,Pit of Heresy,Normal,Hunter,"May 18, 2022",1:42:14,2,614,Solo,Unknown,10760146331,https://dungeon.report/pgcr/10760146331,Pre-Flawless
,Pit of Heresy,Normal,Hunter,"May 14, 2022",2:32:26,6,669,Solo,Unknown,10744678723,https://dungeon.report/pgcr/10744678723,Pre-Flawless
,Pit of Heresy,Normal,Hunter,"May 14, 2022",1:13:47,4,364,DNF,—,10743741353,https://dungeon.report/pgcr/10743741353,Pre-Flawless
,Pit of Heresy,Normal,Hunter,"May 14, 2022",1:36:12,11,1072,DNF,—,10740154903,https://dungeon.report/pgcr/10740154903,Pre-Flawless
,Pit of Heresy,Normal,Hunter,"May 13, 2022",14:29,1,44,DNF,—,10739931218,https://dungeon.report/pgcr/10739931218,Pre-Flawless
,Pit of Heresy,Normal,Warlock,"May 11, 2022",41:40:00,1,192,DNF,—,10731913326,https://dungeon.report/pgcr/10731913326,Pre-Flawless
,Pit of Heresy,Normal,Warlock,"May 11, 2022",1:05:01,1,308,DNF,—,10731822975,https://dungeon.report/pgcr/10731822975,Pre-Flawless
,Pit of Heresy,Normal,Warlock,"May 11, 2022",49:20:00,1,288,DNF,—,10731657351,https://dungeon.report/pgcr/10731657351,Pre-Flawless
,Pit of Heresy,Normal,Warlock,"May 11, 2022",5:30,1,17,DNF,—,10731513999,https://dungeon.report/pgcr/10731513999,Pre-Flawless
,Pit of Heresy,Normal,Warlock,"May 11, 2022",1:04,0,0,DNF,—,10731487785,https://dungeon.report/pgcr/10731487785,Pre-Flawless
,Pit of Heresy,Normal,Warlock,"May 10, 2022",2:04:41,7,1049,Solo,Unknown,10728312292,https://dungeon.report/pgcr/10728312292,Pre-Flawless
,Pit of Heresy,Normal,Warlock,"May 9, 2022",1:04:03,3,355,DNF,—,10724614491,https://dungeon.report/pgcr/10724614491,Pre-Flawless
,Grasp of Avarice,Normal,Warlock,"Apr 30, 2022",8:40,1,100,DNF,—,10679020639,https://dungeon.report/pgcr/10679020639,Pre-Flawless
,Grasp of Avarice,Normal,Warlock,"Apr 30, 2022",8:53,1,75,DNF,—,10678950884,https://dungeon.report/pgcr/10678950884,Pre-Flawless
,Grasp of Avarice,Normal,Warlock,"Apr 29, 2022",3:16:52,15,1006,DNF,—,10675630964,https://dungeon.report/pgcr/10675630964,Pre-Flawless
,Grasp of Avarice,Normal,Warlock,"Apr 29, 2022",9:56,1,69,DNF,—,10674884478,https://dungeon.report/pgcr/10674884478,Pre-Flawless
,Prophecy,Normal,Hunter,"Feb 19, 2022",9:59,2,64,DNF,—,10127325436,https://dungeon.report/pgcr/10127325436,Pre-Flawless
,Prophecy,Normal,Hunter,"Feb 18, 2022",1:49,0,0,DNF,—,10127257987,https://dungeon.report/pgcr/10127257987,Pre-Flawless
,Prophecy,Normal,Warlock,"Feb 18, 2022",12:47,3,80,DNF,—,10127244112,https://dungeon.report/pgcr/10127244112,Pre-Flawless
,Prophecy,Normal,Hunter,"Feb 14, 2022",12:34,0,56,DNF,—,10100696793,https://dungeon.report/pgcr/10100696793,Pre-Flawless
,Grasp of Avarice,Normal,Hunter,"Feb 14, 2022",17:27,0,234,DNF,—,10100671896,https://dungeon.report/pgcr/10100671896,Pre-Flawless
,Grasp of Avarice,Normal,Warlock,"Feb 9, 2022",6:37,1,78,DNF,—,10079339461,https://dungeon.report/pgcr/10079339461,Pre-Flawless
,Grasp of Avarice,Normal,Warlock,"Feb 9, 2022",6:43,1,78,DNF,—,10079322688,https://dungeon.report/pgcr/10079322688,Pre-Flawless
,Grasp of Avarice,Normal,Warlock,"Feb 9, 2022",37:11:00,1,267,DNF,—,10079305008,https://dungeon.report/pgcr/10079305008,Pre-Flawless
,Grasp of Avarice,Normal,Warlock,"Feb 9, 2022",23:08,1,148,DNF,—,10079195198,https://dungeon.report/pgcr/10079195198,Pre-Flawless
,Grasp of Avarice,Normal,Warlock,"Feb 9, 2022",9:18,1,89,DNF,—,10079122320,https://dungeon.report/pgcr/10079122320,Pre-Flawless
,Grasp of Avarice,Normal,Warlock,"Jan 31, 2022",43:46:00,1,261,DNF,—,10033353718,https://dungeon.report/pgcr/10033353718,Pre-Flawless
,Grasp of Avarice,Normal,Warlock,"Jan 31, 2022",4:07,1,81,DNF,—,10033234013,https://dungeon.report/pgcr/10033234013,Pre-Flawless
,Grasp of Avarice,Normal,Warlock,"Jan 31, 2022",4:49,1,71,DNF,—,10033221485,https://dungeon.report/pgcr/10033221485,Pre-Flawless
,Grasp of Avarice,Normal,Warlock,"Jan 31, 2022",8:34,1,78,DNF,—,10033207642,https://dungeon.report/pgcr/10033207642,Pre-Flawless
,Grasp of Avarice,Normal,Warlock,"Jan 31, 2022",7:22,1,80,DNF,—,10033177754,https://dungeon.report/pgcr/10033177754,Pre-Flawless
,Grasp of Avarice,Normal,Warlock,"Jan 31, 2022",7:08,1,79,DNF,—,10033156828,https://dungeon.report/pgcr/10033156828,Pre-Flawless
,Grasp of Avarice,Normal,Warlock,"Jan 31, 2022",17:36,1,112,DNF,—,10033133193,https://dungeon.report/pgcr/10033133193,Pre-Flawless
,Grasp of Avarice,Normal,Warlock,"Jan 31, 2022",4:11,1,62,DNF,—,10033077426,https://dungeon.report/pgcr/10033077426,Pre-Flawless
,Grasp of Avarice,Normal,Warlock,"Jan 30, 2022",14:17,8,77,DNF,—,10029269338,https://dungeon.report/pgcr/10029269338,Pre-Flawless
,Grasp of Avarice,Normal,Warlock,"Jan 30, 2022",5:52,1,78,DNF,—,10029237944,https://dungeon.report/pgcr/10029237944,Pre-Flawless
,Grasp of Avarice,Normal,Warlock,"Jan 30, 2022",6:08,1,79,DNF,—,10029213279,https://dungeon.report/pgcr/10029213279,Pre-Flawless
,Grasp of Avarice,Normal,Warlock,"Jan 30, 2022",28:09:00,1,228,DNF,—,10029165766,https://dungeon.report/pgcr/10029165766,Pre-Flawless
,Grasp of Avarice,Normal,Warlock,"Jan 27, 2022",33:01:00,1,250,DNF,—,10013629184,https://dungeon.report/pgcr/10013629184,Pre-Flawless
,Grasp of Avarice,Normal,Warlock,"Jan 26, 2022",49:00:00,2,327,DNF,—,10009487453,https://dungeon.report/pgcr/10009487453,Pre-Flawless
,Grasp of Avarice,Normal,Warlock,"Jan 25, 2022",5:48,0,70,DNF,—,10004667381,https://dungeon.report/pgcr/10004667381,Pre-Flawless
,Grasp of Avarice,Normal,Warlock,"Jan 22, 2022",2:27:17,11,934,DNF,—,9990014718,https://dungeon.report/pgcr/9990014718,Pre-Flawless
,Grasp of Avarice,Normal,Titan,"Jan 21, 2022",1:39:57,0,657,Solo Flawless,Unknown,9984226412,https://dungeon.report/pgcr/9984226412,Pre-Flawless
,Grasp of Avarice,Normal,Titan,"Jan 21, 2022",15:32,1,129,DNF,—,9983873742,https://dungeon.report/pgcr/9983873742,Pre-Flawless
,Grasp of Avarice,Normal,Titan,"Jan 21, 2022",3:15,1,60,DNF,—,9983735628,https://dungeon.report/pgcr/9983735628,Pre-Flawless
,Grasp of Avarice,Normal,Titan,"Jan 21, 2022",17:03,1,151,DNF,—,9983720688,https://dungeon.report/pgcr/9983720688,Pre-Flawless
,Grasp of Avarice,Normal,Titan,"Jan 21, 2022",4:07,1,62,DNF,—,9983636784,https://dungeon.report/pgcr/9983636784,Pre-Flawless
,Grasp of Avarice,Normal,Titan,"Jan 21, 2022",37:47:00,2,294,DNF,—,9983606453,https://dungeon.report/pgcr/9983606453,Pre-Flawless
,Grasp of Avarice,Normal,Titan,"Jan 21, 2022",18:24,1,164,DNF,—,9983435297,https://dungeon.report/pgcr/9983435297,Pre-Flawless
,Grasp of Avarice,Normal,Titan,"Jan 21, 2022",22:35,1,169,DNF,—,9983345353,https://dungeon.report/pgcr/9983345353,Pre-Flawless
,Grasp of Avarice,Normal,Titan,"Jan 21, 2022",5:18,2,5,DNF,—,9979048622,https://dungeon.report/pgcr/9979048622,Pre-Flawless
,Grasp of Avarice,Normal,Titan,"Jan 20, 2022",35:59:00,1,307,DNF,—,9978993077,https://dungeon.report/pgcr/9978993077,Pre-Flawless
,Grasp of Avarice,Normal,Titan,"Jan 20, 2022",38:31:00,1,357,DNF,—,9978911402,https://dungeon.report/pgcr/9978911402,Pre-Flawless
,Grasp of Avarice,Normal,Titan,"Jan 20, 2022",31:29:00,1,311,DNF,—,9977617240,https://dungeon.report/pgcr/9977617240,Pre-Flawless
,Grasp of Avarice,Normal,Titan,"Jan 20, 2022",27:20:00,1,245,DNF,—,9977492477,https://dungeon.report/pgcr/9977492477,Pre-Flawless
,Grasp of Avarice,Normal,Titan,"Jan 20, 2022",7:40,1,78,DNF,—,9977384681,https://dungeon.report/pgcr/9977384681,Pre-Flawless
,Grasp of Avarice,Normal,Titan,"Jan 16, 2022",49:41:00,1,408,DNF,—,9958471218,https://dungeon.report/pgcr/9958471218,Pre-Flawless
,Grasp of Avarice,Normal,Titan,"Jan 16, 2022",1:20:24,1,594,DNF,—,9958147071,https://dungeon.report/pgcr/9958147071,Pre-Flawless
,Grasp of Avarice,Normal,Titan,"Jan 16, 2022",24:24:00,1,200,DNF,—,9957727280,https://dungeon.report/pgcr/9957727280,Pre-Flawless
,Grasp of Avarice,Normal,Titan,"Jan 16, 2022",33:23:00,1,271,DNF,—,9957594083,https://dungeon.report/pgcr/9957594083,Pre-Flawless
,Grasp of Avarice,Normal,Titan,"Jan 16, 2022",29:09:00,1,204,DNF,—,9954537062,https://dungeon.report/pgcr/9954537062,Pre-Flawless
,Grasp of Avarice,Normal,Titan,"Jan 16, 2022",23:32,1,163,DNF,—,9955127468,https://dungeon.report/pgcr/9955127468,Pre-Flawless
,Grasp of Avarice,Normal,Titan,"Jan 15, 2022",28:45:00,1,198,DNF,—,9954383801,https://dungeon.report/pgcr/9954383801,Pre-Flawless
,Grasp of Avarice,Normal,Titan,"Jan 15, 2022",5:13,1,59,DNF,—,9954294313,https://dungeon.report/pgcr/9954294313,Pre-Flawless
,Grasp of Avarice,Normal,Titan,"Jan 11, 2022",2:44:54,5,959,Solo,Unknown,9932413613,https://dungeon.report/pgcr/9932413613,Pre-Flawless
,Grasp of Avarice,Normal,Titan,"Jan 11, 2022",2:29,1,21,DNF,—,9931730405,https://dungeon.report/pgcr/9931730405,Pre-Flawless
,Grasp of Avarice,Normal,Titan,"Jan 11, 2022",3:43,1,78,DNF,—,9931722301,https://dungeon.report/pgcr/9931722301,Pre-Flawless
,Grasp of Avarice,Normal,Titan,"Jan 11, 2022",19:36,1,132,DNF,—,9931710780,https://dungeon.report/pgcr/9931710780,Pre-Flawless
,Grasp of Avarice,Normal,Titan,"Jan 11, 2022",1:51,1,4,DNF,—,9931631724,https://dungeon.report/pgcr/9931631724,Pre-Flawless
,Grasp of Avarice,Normal,Titan,"Jan 11, 2022",1:48,1,6,DNF,—,9931625552,https://dungeon.report/pgcr/9931625552,Pre-Flawless
,Grasp of Avarice,Normal,Titan,"Jan 11, 2022",3:42,1,52,DNF,—,9931620933,https://dungeon.report/pgcr/9931620933,Pre-Flawless
,Grasp of Avarice,Normal,Titan,"Jan 11, 2022",3:32,1,68,DNF,—,9931607868,https://dungeon.report/pgcr/9931607868,Pre-Flawless
,Grasp of Avarice,Normal,Titan,"Jan 11, 2022",1:21,0,0,DNF,—,9931593443,https://dungeon.report/pgcr/9931593443,Pre-Flawless
,Grasp of Avarice,Normal,Titan,"Jan 11, 2022",4:18,1,77,DNF,—,9931591630,https://dungeon.report/pgcr/9931591630,Pre-Flawless
,Grasp of Avarice,Normal,Titan,"Jan 6, 2022",1:53:13,1,576,Solo,Unknown,9907350005,https://dungeon.report/pgcr/9907350005,Pre-Flawless
,Grasp of Avarice,Normal,Titan,"Jan 5, 2022",1:52:45,5,476,DNF,—,9900632302,https://dungeon.report/pgcr/9900632302,Pre-Flawless
,Grasp of Avarice,Normal,Titan,"Jan 4, 2022",3:05:31,11,927,DNF,—,9897113498,https://dungeon.report/pgcr/9897113498,Pre-Flawless
,Grasp of Avarice,Normal,Titan,"Jan 4, 2022",1:45:56,14,803,DNF,—,9895785480,https://dungeon.report/pgcr/9895785480,Pre-Flawless
,Grasp of Avarice,Normal,Titan,"Dec 18, 2021",11:36,3,28,DNF,—,9786534166,https://dungeon.report/pgcr/9786534166,Pre-Flawless
,Grasp of Avarice,Normal,Titan,"Dec 17, 2021",1:23:05,14,231,DNF,—,9776429177,https://dungeon.report/pgcr/9776429177,Pre-Flawless
,Grasp of Avarice,Normal,Titan,"Dec 16, 2021",3:41:57,26,1386,DNF,—,9771293755,https://dungeon.report/pgcr/9771293755,Pre-Flawless
,Grasp of Avarice,Normal,Hunter,"Dec 12, 2021",14:31,7,158,DNF,—,9738840381,https://dungeon.report/pgcr/9738840381,Pre-Flawless
,Prophecy,Normal,Warlock,"Dec 5, 2021",29:23:00,4,369,DNF,—,9690208642,https://dungeon.report/pgcr/9690208642,Pre-Flawless
,Prophecy,Normal,Warlock,"Dec 5, 2021",43:06:00,7,523,DNF,—,9689677531,https://dungeon.report/pgcr/9689677531,Pre-Flawless
,Prophecy,Normal,Warlock,"Dec 4, 2021",2:31:19,20,1220,DNF,—,9686879067,https://dungeon.report/pgcr/9686879067,Pre-Flawless
,Prophecy,Normal,Warlock,"Dec 4, 2021",10:12,2,52,DNF,—,9686503545,https://dungeon.report/pgcr/9686503545,Pre-Flawless
,Prophecy,Normal,Warlock,"Nov 29, 2021",35:53:00,4,232,DNF,—,9667942575,https://dungeon.report/pgcr/9667942575,Pre-Flawless
,Prophecy,Normal,Warlock,"Nov 29, 2021",4:19,0,7,DNF,—,9667854107,https://dungeon.report/pgcr/9667854107,Pre-Flawless
,Prophecy,Normal,Warlock,"Nov 29, 2021",3:02,1,6,DNF,—,9667843061,https://dungeon.report/pgcr/9667843061,Pre-Flawless
,Prophecy,Normal,Warlock,"Nov 29, 2021",2:43,1,4,DNF,—,9667836964,https://dungeon.report/pgcr/9667836964,Pre-Flawless
,Prophecy,Normal,Warlock,"Nov 29, 2021",19:22,1,58,DNF,—,9667831120,https://dungeon.report/pgcr/9667831120,Pre-Flawless
,Pit of Heresy,Normal,Warlock,"Nov 26, 2021",1:23,0,0,DNF,—,9655001217,https://dungeon.report/pgcr/9655001217,Pre-Flawless
,Shattered Throne,Normal,Warlock,"Nov 25, 2021",1:29:48,0,487,Solo Flawless,Unknown,9650670198,https://dungeon.report/pgcr/9650670198,Pre-Flawless
,Shattered Throne,Normal,Warlock,"Nov 25, 2021",16:53,1,141,DNF,—,9650502363,https://dungeon.report/pgcr/9650502363,Pre-Flawless
,Shattered Throne,Normal,Hunter,"Nov 24, 2021",1:08:53,0,339,Solo Flawless,Unknown,9646626483,https://dungeon.report/pgcr/9646626483,Pre-Flawless
,Shattered Throne,Normal,Hunter,"Nov 24, 2021",27:45:00,1,165,DNF,—,9646402566,https://dungeon.report/pgcr/9646402566,Pre-Flawless
,Shattered Throne,Normal,Hunter,"Nov 23, 2021",6:03,1,35,Solo,Unknown,9643413753,https://dungeon.report/pgcr/9643413753,Pre-Flawless
,Shattered Throne,Normal,Hunter,"Nov 23, 2021",1:35:26,8,465,DNF,—,9643330770,https://dungeon.report/pgcr/9643330770,Pre-Flawless
,Shattered Throne,Normal,Hunter,"Nov 22, 2021",34:51:00,1,178,DNF,—,9639447508,https://dungeon.report/pgcr/9639447508,Pre-Flawless
,Shattered Throne,Normal,Hunter,"Nov 22, 2021",32:39:00,1,164,DNF,—,9639359465,https://dungeon.report/pgcr/9639359465,Pre-Flawless
,Shattered Throne,Normal,Hunter,"Nov 22, 2021",2:47,1,0,DNF,—,9639279468,https://dungeon.report/pgcr/9639279468,Pre-Flawless
,Shattered Throne,Normal,Hunter,"Nov 22, 2021",38:01:00,1,154,DNF,—,9639263612,https://dungeon.report/pgcr/9639263612,Pre-Flawless
,Shattered Throne,Normal,Hunter,"Nov 22, 2021",2:27,1,0,DNF,—,9639158084,https://dungeon.report/pgcr/9639158084,Pre-Flawless
,Shattered Throne,Normal,Hunter,"Nov 20, 2021",6:40,0,16,Solo Flawless,Unknown,9631615475,https://dungeon.report/pgcr/9631615475,Pre-Flawless
,Shattered Throne,Normal,Hunter,"Nov 19, 2021",13:49,3,56,DNF,—,9627116699,https://dungeon.report/pgcr/9627116699,Pre-Flawless
,Shattered Throne,Normal,Hunter,"Nov 19, 2021",9:16,2,39,DNF,—,9627082278,https://dungeon.report/pgcr/9627082278,Pre-Flawless
,Shattered Throne,Normal,Hunter,"Nov 19, 2021",1:41:28,12,461,DNF,—,9627058077,https://dungeon.report/pgcr/9627058077,Pre-Flawless
,Shattered Throne,Normal,Hunter,"Nov 19, 2021",22:09,1,20,DNF,—,9626777490,https://dungeon.report/pgcr/9626777490,Pre-Flawless
,Shattered Throne,Normal,Hunter,"Nov 19, 2021",53:12:00,2,207,DNF,—,9626704555,https://dungeon.report/pgcr/9626704555,Pre-Flawless
,Shattered Throne,Normal,Titan,"Nov 17, 2021",1:10:51,0,619,Solo Flawless,Unknown,9619723930,https://dungeon.report/pgcr/9619723930,Pre-Flawless
,Shattered Throne,Normal,Titan,"Nov 17, 2021",24:05:00,2,58,DNF,—,9619601650,https://dungeon.report/pgcr/9619601650,Pre-Flawless
,Shattered Throne,Normal,Titan,"Nov 17, 2021",1:03:30,1,250,DNF,—,9619554921,https://dungeon.report/pgcr/9619554921,Pre-Flawless
,Shattered Throne,Normal,Titan,"Nov 17, 2021",7:48,0,21,DNF,—,9619412135,https://dungeon.report/pgcr/9619412135,Pre-Flawless
,Shattered Throne,Normal,Titan,"Nov 17, 2021",57:30:00,1,246,DNF,—,9619393311,https://dungeon.report/pgcr/9619393311,Pre-Flawless
,Shattered Throne,Normal,Titan,"Nov 16, 2021",7:08,0,17,Solo Flawless,Unknown,9616384434,https://dungeon.report/pgcr/9616384434,Pre-Flawless
,Shattered Throne,Normal,Titan,"Nov 16, 2021",40:18:00,3,719,DNF,—,9616369736,https://dungeon.report/pgcr/9616369736,Pre-Flawless
,Shattered Throne,Normal,Titan,"Nov 16, 2021",53:41:00,3,236,DNF,—,9616300720,https://dungeon.report/pgcr/9616300720,Pre-Flawless
,Shattered Throne,Normal,Titan,"Nov 16, 2021",26:36:00,1,160,DNF,—,9616195210,https://dungeon.report/pgcr/9616195210,Pre-Flawless
,Shattered Throne,Normal,Titan,"Nov 16, 2021",58:24:00,1,234,DNF,—,9616132674,https://dungeon.report/pgcr/9616132674,Pre-Flawless
,Shattered Throne,Normal,Titan,"Nov 15, 2021",1:20:37,1,465,Solo,Unknown,9613111136,https://dungeon.report/pgcr/9613111136,Pre-Flawless
,Shattered Throne,Normal,Titan,"Nov 14, 2021",39:38:00,1,919,Solo,Unknown,9609634433,https://dungeon.report/pgcr/9609634433,Pre-Flawless
,Shattered Throne,Normal,Titan,"Nov 14, 2021",11:54,2,25,DNF,—,9609537336,https://dungeon.report/pgcr/9609537336,Pre-Flawless
,Shattered Throne,Normal,Titan,"Nov 14, 2021",22:40,3,25,DNF,—,9608963138,https://dungeon.report/pgcr/9608963138,Pre-Flawless
,Shattered Throne,Normal,Titan,"Nov 14, 2021",31:32:00,2,78,DNF,—,9608862722,https://dungeon.report/pgcr/9608862722,Pre-Flawless
,Shattered Throne,Normal,Titan,"Nov 14, 2021",13:35,0,0,DNF,—,9608715532,https://dungeon.report/pgcr/9608715532,Pre-Flawless
,Shattered Throne,Normal,Titan,"Nov 14, 2021",23:57,1,203,DNF,—,9608665405,https://dungeon.report/pgcr/9608665405,Pre-Flawless
,Shattered Throne,Normal,Titan,"Nov 14, 2021",19:33,1,115,DNF,—,9608572982,https://dungeon.report/pgcr/9608572982,Pre-Flawless
,Shattered Throne,Normal,Titan,"Nov 14, 2021",7:36,0,17,Solo Flawless,Unknown,9604879286,https://dungeon.report/pgcr/9604879286,Pre-Flawless
,Shattered Throne,Normal,Titan,"Nov 14, 2021",8:10,1,16,DNF,—,9604850682,https://dungeon.report/pgcr/9604850682,Pre-Flawless
,Shattered Throne,Normal,Titan,"Nov 14, 2021",17:15,5,179,DNF,—,9604828850,https://dungeon.report/pgcr/9604828850,Pre-Flawless
,Shattered Throne,Normal,Titan,"Nov 12, 2021",3:16,1,23,DNF,—,9598830946,https://dungeon.report/pgcr/9598830946,Pre-Flawless
,Shattered Throne,Normal,Warlock,"Nov 8, 2021",13:54,1,359,DNF,—,9581991259,https://dungeon.report/pgcr/9581991259,Pre-Flawless
,Shattered Throne,Normal,Warlock,"Nov 4, 2021",25:53:00,5,1114,DNF,—,9563138232,https://dungeon.report/pgcr/9563138232,Pre-Flawless
,Shattered Throne,Normal,Warlock,"Nov 3, 2021",57:58:00,7,1630,DNF,—,9559657597,https://dungeon.report/pgcr/9559657597,Pre-Flawless
,Shattered Throne,Normal,Hunter,"Nov 3, 2021",13:49,4,35,DNF,—,9559409515,https://dungeon.report/pgcr/9559409515,Pre-Flawless
,Shattered Throne,Normal,Hunter,"Nov 3, 2021",16:48,2,351,DNF,—,9559370954,https://dungeon.report/pgcr/9559370954,Pre-Flawless
,Pit of Heresy,Normal,Warlock,"Oct 22, 2021",1:03:09,4,240,DNF,—,9493638738,https://dungeon.report/pgcr/9493638738,Pre-Flawless
,Pit of Heresy,Normal,Warlock,"Oct 22, 2021",1:25,0,0,DNF,—,9493269664,https://dungeon.report/pgcr/9493269664,Pre-Flawless
,Prophecy,Normal,Warlock,"Aug 16, 2021",1:13:53,20,771,DNF,—,8979134067,https://dungeon.report/pgcr/8979134067,Pre-Flawless
,Prophecy,Normal,Warlock,"Aug 15, 2021",1:16:47,13,881,DNF,—,8976854782,https://dungeon.report/pgcr/8976854782,Pre-Flawless
,Prophecy,Normal,Warlock,"Aug 12, 2021",2:55:14,17,1440,DNF,—,8963419278,https://dungeon.report/pgcr/8963419278,Pre-Flawless
,Prophecy,Normal,Warlock,"Aug 9, 2021",3:50:12,32,2029,DNF,—,8949841651,https://dungeon.report/pgcr/8949841651,Pre-Flawless
,Prophecy,Normal,Warlock,"Aug 9, 2021",25:05:00,5,134,DNF,—,8948277126,https://dungeon.report/pgcr/8948277126,Pre-Flawless
,Prophecy,Normal,Warlock,"Aug 8, 2021",1:37:10,22,768,DNF,—,8946075721,https://dungeon.report/pgcr/8946075721,Pre-Flawless
,Prophecy,Normal,Titan,"Aug 8, 2021",54:46:00,18,400,DNF,—,8945854591,https://dungeon.report/pgcr/8945854591,Pre-Flawless
,Prophecy,Normal,Titan,"Jul 30, 2021",5:48,1,28,DNF,—,8908868802,https://dungeon.report/pgcr/8908868802,Pre-Flawless
,Prophecy,Normal,Titan,"Jul 6, 2021",35:04:00,8,248,DNF,—,8783445340,https://dungeon.report/pgcr/8783445340,Pre-Flawless
,Prophecy,Normal,Titan,"Jun 30, 2021",5:36,0,19,DNF,—,8751985754,https://dungeon.report/pgcr/8751985754,Pre-Flawless
,Prophecy,Normal,Titan,"Jun 28, 2021",13:47,0,80,DNF,—,8739953919,https://dungeon.report/pgcr/8739953919,Pre-Flawless
,Prophecy,Normal,Warlock,"Jan 1, 2021",1:05,0,0,DNF,—,7709849963,https://dungeon.report/pgcr/7709849963,Pre-Flawless
,Pit of Heresy,Normal,Titan,"Nov 8, 2020",1:36:24,0,371,Solo Flawless,Unknown,7126499708,https://dungeon.report/pgcr/7126499708,Pre-Flawless
,Pit of Heresy,Normal,Titan,"Nov 8, 2020",59:30:00,1,167,DNF,—,7123380506,https://dungeon.report/pgcr/7123380506,Pre-Flawless
,Pit of Heresy,Normal,Titan,"Nov 8, 2020",15:30,1,35,DNF,—,7123142769,https://dungeon.report/pgcr/7123142769,Pre-Flawless
,Pit of Heresy,Normal,Titan,"Nov 7, 2020",24:00:00,1,70,DNF,—,7121596968,https://dungeon.report/pgcr/7121596968,Pre-Flawless
,Pit of Heresy,Normal,Titan,"Nov 7, 2020",55:00:00,1,184,DNF,—,7121531340,https://dungeon.report/pgcr/7121531340,Pre-Flawless
,Pit of Heresy,Normal,Titan,"Nov 7, 2020",15:00,1,57,DNF,—,7121371250,https://dungeon.report/pgcr/7121371250,Pre-Flawless
,Pit of Heresy,Normal,Titan,"Nov 7, 2020",1:33,0,0,DNF,—,7121300425,https://dungeon.report/pgcr/7121300425,Pre-Flawless
,Pit of Heresy,Normal,Titan,"Nov 7, 2020",31:16:00,1,85,DNF,—,7121297095,https://dungeon.report/pgcr/7121297095,Pre-Flawless
,Pit of Heresy,Normal,Titan,"Nov 7, 2020",53:00:00,3,267,DNF,—,7121181061,https://dungeon.report/pgcr/7121181061,Pre-Flawless
,Pit of Heresy,Normal,Titan,"Nov 7, 2020",37:30:00,1,121,DNF,—,7120711556,https://dungeon.report/pgcr/7120711556,Pre-Flawless
,Pit of Heresy,Normal,Titan,"Nov 7, 2020",5:40,1,1,DNF,—,7120570209,https://dungeon.report/pgcr/7120570209,Pre-Flawless
,Pit of Heresy,Normal,Titan,"Nov 7, 2020",3:30,1,1,DNF,—,7120549388,https://dungeon.report/pgcr/7120549388,Pre-Flawless
,Pit of Heresy,Normal,Titan,"Nov 7, 2020",26:31:00,6,109,DNF,—,7120508201,https://dungeon.report/pgcr/7120508201,Pre-Flawless
,Pit of Heresy,Normal,Warlock,"Nov 6, 2020",2:19:00,17,841,DNF,—,7116492104,https://dungeon.report/pgcr/7116492104,Pre-Flawless
,Prophecy,Normal,Warlock,"Nov 1, 2020",11:01,2,50,DNF,—,7096989507,https://dungeon.report/pgcr/7096989507,Pre-Flawless
,Pit of Heresy,Normal,Warlock,"Nov 1, 2020",20:16,1,31,DNF,—,7096147774,https://dungeon.report/pgcr/7096147774,Pre-Flawless
,Pit of Heresy,Normal,Warlock,"Nov 1, 2020",9:30,1,19,DNF,—,7096082818,https://dungeon.report/pgcr/7096082818,Pre-Flawless
,Pit of Heresy,Normal,Warlock,"Nov 1, 2020",7:01,1,1,DNF,—,7096054058,https://dungeon.report/pgcr/7096054058,Pre-Flawless
,Shattered Throne,Normal,Warlock,"Oct 26, 2020",45:20:00,14,215,Solo,Unknown,7072990713,https://dungeon.report/pgcr/7072990713,Pre-Flawless
,Shattered Throne,Normal,Warlock,"Oct 25, 2020",33:03:00,11,96,DNF,—,7069527818,https://dungeon.report/pgcr/7069527818,Pre-Flawless
,Shattered Throne,Normal,Warlock,"Oct 25, 2020",1:40:08,14,251,DNF,—,7069474048,https://dungeon.report/pgcr/7069474048,Pre-Flawless
,Shattered Throne,Normal,Warlock,"Oct 24, 2020",38:33:00,4,64,DNF,—,7065033878,https://dungeon.report/pgcr/7065033878,Pre-Flawless
,Shattered Throne,Normal,Warlock,"Oct 24, 2020",27:32:00,7,70,DNF,—,7064877398,https://dungeon.report/pgcr/7064877398,Pre-Flawless
,Shattered Throne,Normal,Warlock,"Oct 24, 2020",29:37:00,0,99,DNF,—,7064728405,https://dungeon.report/pgcr/7064728405,Pre-Flawless
,Shattered Throne,Normal,Warlock,"Oct 24, 2020",32:00:00,0,125,DNF,—,7064616652,https://dungeon.report/pgcr/7064616652,Pre-Flawless
,Pit of Heresy,Normal,Warlock,"Oct 24, 2020",1:02:00,10,286,DNF,—,7064477269,https://dungeon.report/pgcr/7064477269,Pre-Flawless
,Pit of Heresy,Normal,Warlock,"Oct 24, 2020",12:13,1,35,DNF,—,7064277377,https://dungeon.report/pgcr/7064277377,Pre-Flawless
,Pit of Heresy,Normal,Warlock,"Oct 24, 2020",18:00,1,49,DNF,—,7064237866,https://dungeon.report/pgcr/7064237866,Pre-Flawless
,Pit of Heresy,Normal,Warlock,"Oct 23, 2020",1:58:10,15,582,Solo,Unknown,7060791561,https://dungeon.report/pgcr/7060791561,Pre-Flawless
,Pit of Heresy,Normal,Warlock,"Oct 23, 2020",28:02:00,1,99,DNF,—,7060498614,https://dungeon.report/pgcr/7060498614,Pre-Flawless
,Pit of Heresy,Normal,Warlock,"Oct 12, 2020",2:08:52,13,493,Solo,Unknown,7020727971,https://dungeon.report/pgcr/7020727971,Pre-Flawless
,Pit of Heresy,Normal,Warlock,"Oct 12, 2020",5:30,1,10,DNF,—,7020370690,https://dungeon.report/pgcr/7020370690,Pre-Flawless
,Pit of Heresy,Normal,Warlock,"Oct 12, 2020",12:30,1,34,DNF,—,7020354897,https://dungeon.report/pgcr/7020354897,Pre-Flawless
,Pit of Heresy,Normal,Warlock,"Oct 5, 2020",1:25:08,6,380,DNF,—,6989052095,https://dungeon.report/pgcr/6989052095,Pre-Flawless
,Pit of Heresy,Normal,Warlock,"Sep 5, 2020",2:52:36,39,951,DNF,—,6866442182,https://dungeon.report/pgcr/6866442182,Pre-Flawless
,Pit of Heresy,Normal,Titan,"Jul 7, 2020",38:02:00,1,11,DNF,—,6580127890,https://dungeon.report/pgcr/6580127890,Pre-Flawless
,Pit of Heresy,Normal,Titan,"Apr 26, 2020",1:39:30,9,263,DNF,—,6157768246,https://dungeon.report/pgcr/6157768246,Pre-Flawless
,Pit of Heresy,Normal,Titan,"Apr 26, 2020",9:00,1,0,DNF,—,6157474993,https://dungeon.report/pgcr/6157474993,Pre-Flawless
,Shattered Throne,Normal,Titan,"Apr 3, 2020",7:00,0,0,DNF,—,6021477468,https://dungeon.report/pgcr/6021477468,Pre-Flawless
,Shattered Throne,Normal,Titan,"Apr 2, 2020",5:30,0,0,DNF,—,6014502329,https://dungeon.report/pgcr/6014502329,Pre-Flawless
,Shattered Throne,Normal,Titan,"Feb 24, 2020",16:00,2,56,DNF,—,5784121306,https://dungeon.report/pgcr/5784121306,Pre-Flawless
,Shattered Throne,Normal,Titan,"Feb 24, 2020",9:00,1,9,DNF,—,5784078695,https://dungeon.report/pgcr/5784078695,Pre-Flawless
,Shattered Throne,Normal,Titan,"Feb 24, 2020",8:30,1,24,DNF,—,5784027890,https://dungeon.report/pgcr/5784027890,Pre-Flawless
,Shattered Throne,Normal,Titan,"Feb 24, 2020",49:02:00,17,237,DNF,—,5784000260,https://dungeon.report/pgcr/5784000260,Pre-Flawless
,Shattered Throne,Normal,Titan,"Feb 24, 2020",7:30,1,7,DNF,—,5783864282,https://dungeon.report/pgcr/5783864282,Pre-Flawless
,Shattered Throne,Normal,Titan,"Feb 24, 2020",1:39:39,4,186,DNF,—,5783818207,https://dungeon.report/pgcr/5783818207,Pre-Flawless
,Shattered Throne,Normal,Titan,"Feb 24, 2020",22:32,2,29,DNF,—,5780413941,https://dungeon.report/pgcr/5780413941,Pre-Flawless
,Shattered Throne,Normal,Titan,"Feb 24, 2020",16:00,0,0,DNF,—,5780361650,https://dungeon.report/pgcr/5780361650,Pre-Flawless
,Shattered Throne,Normal,Titan,"Feb 24, 2020",11:30,2,27,DNF,—,5780322899,https://dungeon.report/pgcr/5780322899,Pre-Flawless
,Shattered Throne,Normal,Titan,"Feb 23, 2020",10:30,1,13,DNF,—,5780293212,https://dungeon.report/pgcr/5780293212,Pre-Flawless
,Shattered Throne,Normal,Titan,"Feb 23, 2020",8:31,1,14,DNF,—,5780266332,https://dungeon.report/pgcr/5780266332,Pre-Flawless
,Shattered Throne,Normal,Titan,"Feb 23, 2020",16:01,1,20,DNF,—,5780244656,https://dungeon.report/pgcr/5780244656,Pre-Flawless
,Shattered Throne,Normal,Titan,"Feb 23, 2020",1:00,0,0,DNF,—,5780180011,https://dungeon.report/pgcr/5780180011,Pre-Flawless
,Shattered Throne,Normal,Titan,"Feb 23, 2020",9:30,1,18,DNF,—,5780177826,https://dungeon.report/pgcr/5780177826,Pre-Flawless
,Shattered Throne,Normal,Titan,"Feb 23, 2020",22:32,1,17,DNF,—,5779922629,https://dungeon.report/pgcr/5779922629,Pre-Flawless
,Shattered Throne,Normal,Titan,"Feb 23, 2020",22:32,1,20,DNF,—,5779851403,https://dungeon.report/pgcr/5779851403,Pre-Flawless
,Shattered Throne,Normal,Titan,"Feb 23, 2020",59:04:00,6,71,DNF,—,5779759039,https://dungeon.report/pgcr/5779759039,Pre-Flawless
,Shattered Throne,Normal,Titan,"Feb 23, 2020",20:01,5,18,DNF,—,5779563962,https://dungeon.report/pgcr/5779563962,Pre-Flawless
,Shattered Throne,Normal,Titan,"Feb 22, 2020",16:31,2,22,DNF,—,5771119142,https://dungeon.report/pgcr/5771119142,Pre-Flawless
,Shattered Throne,Normal,Titan,"Feb 22, 2020",31:31:00,1,15,DNF,—,5771067257,https://dungeon.report/pgcr/5771067257,Pre-Flawless
,Shattered Throne,Normal,Titan,"Feb 22, 2020",18:31,3,30,DNF,—,5770942717,https://dungeon.report/pgcr/5770942717,Pre-Flawless
,Shattered Throne,Normal,Titan,"Feb 22, 2020",11:30,1,12,DNF,—,5770867999,https://dungeon.report/pgcr/5770867999,Pre-Flawless
,Shattered Throne,Normal,Titan,"Feb 21, 2020",2:19:32,2,340,DNF,—,5770789676,https://dungeon.report/pgcr/5770789676,Pre-Flawless
,Shattered Throne,Normal,Warlock,"Jan 25, 2020",26:02:00,5,47,DNF,—,5649223633,https://dungeon.report/pgcr/5649223633,Pre-Flawless
,Shattered Throne,Normal,Warlock,"Jan 25, 2020",3:24:00,10,365,DNF,—,5649125377,https://dungeon.report/pgcr/5649125377,Pre-Flawless
,Shattered Throne,Normal,Warlock,"Dec 3, 2019",1:00,0,0,DNF,—,5272736302,https://dungeon.report/pgcr/5272736302,Pre-Flawless
,Pit of Heresy,Normal,Warlock,"Dec 3, 2019",1:00,0,0,DNF,—,5272731973,https://dungeon.report/pgcr/5272731973,Pre-Flawless
,Shattered Throne,Normal,Warlock,"Nov 30, 2019",11:00,1,15,DNF,—,5256978821,https://dungeon.report/pgcr/5256978821,Pre-Flawless
,Shattered Throne,Normal,Warlock,"Nov 30, 2019",20:00,4,43,DNF,—,5256916743,https://dungeon.report/pgcr/5256916743,Pre-Flawless
,Shattered Throne,Normal,Warlock,"Nov 30, 2019",28:05:00,4,35,DNF,—,5256810670,https://dungeon.report/pgcr/5256810670,Pre-Flawless
,Shattered Throne,Normal,Warlock,"Nov 30, 2019",11:00,2,20,DNF,—,5256670322,https://dungeon.report/pgcr/5256670322,Pre-Flawless
,Shattered Throne,Normal,Warlock,"Nov 30, 2019",17:31,2,26,DNF,—,5256567489,https://dungeon.report/pgcr/5256567489,Pre-Flawless
,Shattered Throne,Normal,Warlock,"Nov 30, 2019",27:03:00,7,50,DNF,—,5256461174,https://dungeon.report/pgcr/5256461174,Pre-Flawless
,Shattered Throne,Normal,Warlock,"Nov 30, 2019",4:00,0,0,DNF,—,5256328245,https://dungeon.report/pgcr/5256328245,Pre-Flawless
,Shattered Throne,Normal,Warlock,"Nov 30, 2019",1:30,0,0,DNF,—,5256182323,https://dungeon.report/pgcr/5256182323,Pre-Flawless
,Shattered Throne,Normal,Warlock,"Nov 30, 2019",1:14:00,2,142,DNF,—,5255793940,https://dungeon.report/pgcr/5255793940,Pre-Flawless
,Shattered Throne,Normal,Warlock,"Nov 30, 2019",1:40:30,3,313,DNF,—,5255435720,https://dungeon.report/pgcr/5255435720,Pre-Flawless
,Shattered Throne,Normal,Warlock,"Sep 24, 2019",32:02:00,6,44,DNF,—,4682969475,https://dungeon.report/pgcr/4682969475,Pre-Flawless
,Shattered Throne,Normal,Warlock,"Sep 23, 2019",2:28:00,14,385,DNF,—,4682904892,https://dungeon.report/pgcr/4682904892,Pre-Flawless
,Shattered Throne,Normal,Warlock,"Jul 22, 2019",32:32:00,9,94,DNF,—,4366443227,https://dungeon.report/pgcr/4366443227,Pre-Flawless
,Shattered Throne,Normal,Warlock,"Jul 22, 2019",2:25:15,32,359,DNF,—,4366248304,https://dungeon.report/pgcr/4366248304,Pre-Flawless
,Shattered Throne,Normal,Warlock,"Jul 21, 2019",3:28:18,21,500,DNF,—,4357528617,https://dungeon.report/pgcr/4357528617,Pre-Flawless
,Shattered Throne,Normal,Titan,"Jun 8, 2019",1:58:30,3,346,DNF,—,4047807964,https://dungeon.report/pgcr/4047807964,Pre-Flawless
,Shattered Throne,Normal,Titan,"Apr 28, 2019",1:21:30,3,334,DNF,—,3913654170,https://dungeon.report/pgcr/3913654170,Pre-Flawless
,Shattered Throne,Normal,Titan,"Feb 23, 2019",37:33:00,6,116,DNF,—,3666233990,https://dungeon.report/pgcr/3666233990,Pre-Flawless